{"algorithm": "NeurASP", "seed": 9, "nb_epochs_done": 17, "batch_size": 128, "learning_rate": 0.0001, "dropout_rate": 0, "accuracy": 0.8240000000000001, "training_time": 18366.762129068375, "testing_time": 382.8403649330139, "model_file": "NeurASP_final_9_100_128_0.0001_0_False"}
{"algorithm": "NeurASP", "seed": 0, "nb_epochs_done": 18, "batch_size": 128, "learning_rate": 0.0001, "dropout_rate": 0, "accuracy": 0.828, "training_time": 19038.418959617615, "testing_time": 355.72320556640625, "model_file": "NeurASP_final_0_100_128_0.0001_0_False"}
{"algorithm": "NeurASP", "seed": 8, "nb_epochs_done": 16, "batch_size": 128, "learning_rate": 0.0001, "dropout_rate": 0, "accuracy": 0.8290000000000001, "training_time": 17769.45114660263, "testing_time": 392.03274369239807, "model_file": "NeurASP_final_8_100_128_0.0001_0_False"}
{"algorithm": "NeurASP", "seed": 1, "nb_epochs_done": 17, "batch_size": 128, "learning_rate": 0.0001, "dropout_rate": 0, "accuracy": 0.8290000000000001, "training_time": 18101.065452575684, "testing_time": 366.0783610343933, "model_file": "NeurASP_final_1_100_128_0.0001_0_False"}
{"algorithm": "NeurASP", "seed": 2, "nb_epochs_done": 17, "batch_size": 128, "learning_rate": 0.0001, "dropout_rate": 0, "accuracy": 0.828, "training_time": 18212.18927717209, "testing_time": 379.7505702972412, "model_file": "NeurASP_final_2_100_128_0.0001_0_False"}
{"algorithm": "NeurASP", "seed": 6, "nb_epochs_done": 20, "batch_size": 128, "learning_rate": 0.0001, "dropout_rate": 0, "accuracy": 0.833, "training_time": 13434.861397981644, "testing_time": 250.837664604187, "model_file": "NeurASP_final_6_100_128_0.0001_0_False"}
{"algorithm": "NeurASP", "seed": 4, "nb_epochs_done": 18, "batch_size": 128, "learning_rate": 0.0001, "dropout_rate": 0, "accuracy": 0.828, "training_time": 19387.57343173027, "testing_time": 392.5055947303772, "model_file": "NeurASP_final_4_100_128_0.0001_0_False"}
