{"algorithm": "LTN", "seed": 1, "nb_epochs": 1, "batch_size": 512, "learning_rate": 0.001, "p_forall": 2, "p_exists": 1, "p_forall_cites": 2, "p_exists_cites": 1, "dropout_rate": 0, "accuracy": 0.4072105586528778, "training_time": 451.39551401138306, "testing_time": 0.23727035522460938, "model_file": "LTN_final_1_100_512_0.001_2_1_2_1_0"}
{"algorithm": "LTN", "seed": 2, "nb_epochs": 2, "batch_size": 512, "learning_rate": 0.001, "p_forall": 2, "p_exists": 1, "p_forall_cites": 2, "p_exists_cites": 1, "dropout_rate": 0, "accuracy": 0.38061922788619995, "training_time": 589.5278854370117, "testing_time": 0.23173069953918457, "model_file": "LTN_final_2_100_512_0.001_2_1_2_1_0"}
{"algorithm": "LTN", "seed": 3, "nb_epochs": 1, "batch_size": 512, "learning_rate": 0.001, "p_forall": 2, "p_exists": 1, "p_forall_cites": 2, "p_exists_cites": 1, "dropout_rate": 0, "accuracy": 0.32268184423446655, "training_time": 452.3625910282135, "testing_time": 0.23074603080749512, "model_file": "LTN_final_3_100_512_0.001_2_1_2_1_0"}
{"algorithm": "LTN", "seed": 4, "nb_epochs": 1, "batch_size": 512, "learning_rate": 0.001, "p_forall": 2, "p_exists": 1, "p_forall_cites": 2, "p_exists_cites": 1, "dropout_rate": 0, "accuracy": 0.3337922692298889, "training_time": 449.8490731716156, "testing_time": 0.32700085639953613, "model_file": "LTN_final_4_100_512_0.001_2_1_2_1_0"}
{"algorithm": "LTN", "seed": 5, "nb_epochs": 1, "batch_size": 512, "learning_rate": 0.001, "p_forall": 2, "p_exists": 1, "p_forall_cites": 2, "p_exists_cites": 1, "dropout_rate": 0, "accuracy": 0.32151317596435547, "training_time": 420.52323818206787, "testing_time": 0.6831710338592529, "model_file": "LTN_final_5_100_512_0.001_2_1_2_1_0"}
{"algorithm": "LTN", "seed": 6, "nb_epochs": 1, "batch_size": 512, "learning_rate": 0.001, "p_forall": 2, "p_exists": 1, "p_forall_cites": 2, "p_exists_cites": 1, "dropout_rate": 0, "accuracy": 0.3201844096183777, "training_time": 441.26056003570557, "testing_time": 0.3530440330505371, "model_file": "LTN_final_6_100_512_0.001_2_1_2_1_0"}
{"algorithm": "LTN", "seed": 7, "nb_epochs": 1, "batch_size": 512, "learning_rate": 0.001, "p_forall": 2, "p_exists": 1, "p_forall_cites": 2, "p_exists_cites": 1, "dropout_rate": 0, "accuracy": 0.32511526346206665, "training_time": 451.6812787055969, "testing_time": 0.34142351150512695, "model_file": "LTN_final_7_100_512_0.001_2_1_2_1_0"}
{"algorithm": "LTN", "seed": 8, "nb_epochs": 15, "batch_size": 512, "learning_rate": 0.001, "p_forall": 2, "p_exists": 1, "p_forall_cites": 2, "p_exists_cites": 1, "dropout_rate": 0, "accuracy": 0.5470510721206665, "training_time": 1517.4122178554535, "testing_time": 0.22759675979614258, "model_file": "LTN_final_8_100_512_0.001_2_1_2_1_0"}
{"algorithm": "LTN", "seed": 9, "nb_epochs": 1, "batch_size": 512, "learning_rate": 0.001, "p_forall": 2, "p_exists": 1, "p_forall_cites": 2, "p_exists_cites": 1, "dropout_rate": 0, "accuracy": 0.4212186336517334, "training_time": 479.945259809494, "testing_time": 0.3438906669616699, "model_file": "LTN_final_9_100_512_0.001_2_1_2_1_0"}
