{"algorithm": "LTN", "seed": 0, "nb_epochs": 1, "batch_size": 512, "learning_rate": 0.001, "p_forall": 2, "p_exists": 1, "p_forall_cites": 2, "p_exists_cites": 1, "dropout_rate": 0, "accuracy": 0.3258516788482666, "training_time": 133.63090133666992, "testing_time": 0.11172199249267578, "model_file": "LTN_final_0_100_512_0.001_2_1_2_1_0"}
{"algorithm": "LTN", "seed": 1, "nb_epochs": 1, "batch_size": 512, "learning_rate": 0.001, "p_forall": 2, "p_exists": 1, "p_forall_cites": 2, "p_exists_cites": 1, "dropout_rate": 0, "accuracy": 0.4072105586528778, "training_time": 134.97641563415527, "testing_time": 0.11048412322998047, "model_file": "LTN_final_1_100_512_0.001_2_1_2_1_0"}
{"algorithm": "LTN", "seed": 2, "nb_epochs": 2, "batch_size": 512, "learning_rate": 0.001, "p_forall": 2, "p_exists": 1, "p_forall_cites": 2, "p_exists_cites": 1, "dropout_rate": 0, "accuracy": 0.38061922788619995, "training_time": 147.2452576160431, "testing_time": 0.11438894271850586, "model_file": "LTN_final_2_100_512_0.001_2_1_2_1_0"}
{"algorithm": "LTN", "seed": 3, "nb_epochs": 1, "batch_size": 512, "learning_rate": 0.001, "p_forall": 2, "p_exists": 1, "p_forall_cites": 2, "p_exists_cites": 1, "dropout_rate": 0, "accuracy": 0.32268184423446655, "training_time": 133.8999445438385, "testing_time": 0.11137104034423828, "model_file": "LTN_final_3_100_512_0.001_2_1_2_1_0"}
{"algorithm": "LTN", "seed": 4, "nb_epochs": 1, "batch_size": 512, "learning_rate": 0.001, "p_forall": 2, "p_exists": 1, "p_forall_cites": 2, "p_exists_cites": 1, "dropout_rate": 0, "accuracy": 0.3337922692298889, "training_time": 134.93012166023254, "testing_time": 0.11316394805908203, "model_file": "LTN_final_4_100_512_0.001_2_1_2_1_0"}
{"algorithm": "LTN", "seed": 5, "nb_epochs": 1, "batch_size": 512, "learning_rate": 0.001, "p_forall": 2, "p_exists": 1, "p_forall_cites": 2, "p_exists_cites": 1, "dropout_rate": 0, "accuracy": 0.32151317596435547, "training_time": 136.02660369873047, "testing_time": 0.11066579818725586, "model_file": "LTN_final_5_100_512_0.001_2_1_2_1_0"}
{"algorithm": "LTN", "seed": 6, "nb_epochs": 1, "batch_size": 512, "learning_rate": 0.001, "p_forall": 2, "p_exists": 1, "p_forall_cites": 2, "p_exists_cites": 1, "dropout_rate": 0, "accuracy": 0.3201844096183777, "training_time": 134.21263456344604, "testing_time": 0.1238851547241211, "model_file": "LTN_final_6_100_512_0.001_2_1_2_1_0"}
{"algorithm": "LTN", "seed": 7, "nb_epochs": 1, "batch_size": 512, "learning_rate": 0.001, "p_forall": 2, "p_exists": 1, "p_forall_cites": 2, "p_exists_cites": 1, "dropout_rate": 0, "accuracy": 0.32511526346206665, "training_time": 134.9783263206482, "testing_time": 0.10996413230895996, "model_file": "LTN_final_7_100_512_0.001_2_1_2_1_0"}
{"algorithm": "LTN", "seed": 8, "nb_epochs": 15, "batch_size": 512, "learning_rate": 0.001, "p_forall": 2, "p_exists": 1, "p_forall_cites": 2, "p_exists_cites": 1, "dropout_rate": 0, "accuracy": 0.5470510721206665, "training_time": 326.6901435852051, "testing_time": 0.11296510696411133, "model_file": "LTN_final_8_100_512_0.001_2_1_2_1_0"}
{"algorithm": "LTN", "seed": 9, "nb_epochs": 1, "batch_size": 512, "learning_rate": 0.001, "p_forall": 2, "p_exists": 1, "p_forall_cites": 2, "p_exists_cites": 1, "dropout_rate": 0, "accuracy": 0.4212186336517334, "training_time": 137.06078243255615, "testing_time": 0.11315679550170898, "model_file": "LTN_final_9_100_512_0.001_2_1_2_1_0"}
