{"algorithm": "LTN", "seed": 0, "nb_epochs": 16, "batch_size": 32, "learning_rate": 0.001, "p_forall": 2, "p_exists": 1, "dropout_rate": 0, "size_val": 0.1, "accuracy": 0.746399998664856, "training_time": 978.3083794116974, "testing_time": 5.271805047988892, "model_file": "LTN_final_0_100_32_0.001_2_1_0_0.1"}
{"algorithm": "LTN", "seed": 1, "nb_epochs": 17, "batch_size": 32, "learning_rate": 0.001, "p_forall": 2, "p_exists": 1, "dropout_rate": 0, "size_val": 0.1, "accuracy": 0.7581999897956848, "training_time": 1051.2409698963165, "testing_time": 4.506760835647583, "model_file": "LTN_final_1_100_32_0.001_2_1_0_0.1"}
{"algorithm": "LTN", "seed": 2, "nb_epochs": 6, "batch_size": 32, "learning_rate": 0.001, "p_forall": 2, "p_exists": 1, "dropout_rate": 0, "size_val": 0.1, "accuracy": 0.2508000135421753, "training_time": 467.6316227912903, "testing_time": 4.164186000823975, "model_file": "LTN_final_2_100_32_0.001_2_1_0_0.1"}
{"algorithm": "LTN", "seed": 3, "nb_epochs": 11, "batch_size": 32, "learning_rate": 0.001, "p_forall": 2, "p_exists": 1, "dropout_rate": 0, "size_val": 0.1, "accuracy": 0.7498000264167786, "training_time": 737.8727920055389, "testing_time": 3.761948823928833, "model_file": "LTN_final_3_100_32_0.001_2_1_0_0.1"}
{"algorithm": "LTN", "seed": 4, "nb_epochs": 18, "batch_size": 32, "learning_rate": 0.001, "p_forall": 2, "p_exists": 1, "dropout_rate": 0, "size_val": 0.1, "accuracy": 0.4083999991416931, "training_time": 1122.985787153244, "testing_time": 3.8858399391174316, "model_file": "LTN_final_4_100_32_0.001_2_1_0_0.1"}
{"algorithm": "LTN", "seed": 5, "nb_epochs": 28, "batch_size": 32, "learning_rate": 0.001, "p_forall": 2, "p_exists": 1, "dropout_rate": 0, "size_val": 0.1, "accuracy": 0.7552000284194946, "training_time": 1591.4087421894073, "testing_time": 5.041474103927612, "model_file": "LTN_final_5_100_32_0.001_2_1_0_0.1"}
{"algorithm": "LTN", "seed": 6, "nb_epochs": 7, "batch_size": 32, "learning_rate": 0.001, "p_forall": 2, "p_exists": 1, "dropout_rate": 0, "size_val": 0.1, "accuracy": 0.5616000294685364, "training_time": 548.8724737167358, "testing_time": 4.268410921096802, "model_file": "LTN_final_6_100_32_0.001_2_1_0_0.1"}
{"algorithm": "LTN", "seed": 7, "nb_epochs": 11, "batch_size": 32, "learning_rate": 0.001, "p_forall": 2, "p_exists": 1, "dropout_rate": 0, "size_val": 0.1, "accuracy": 0.5950000286102295, "training_time": 725.0016224384308, "testing_time": 3.9137847423553467, "model_file": "LTN_final_7_100_32_0.001_2_1_0_0.1"}
{"algorithm": "LTN", "seed": 8, "nb_epochs": 8, "batch_size": 32, "learning_rate": 0.001, "p_forall": 2, "p_exists": 1, "dropout_rate": 0, "size_val": 0.1, "accuracy": 0.3903999924659729, "training_time": 571.2724137306213, "testing_time": 4.1681132316589355, "model_file": "LTN_final_8_100_32_0.001_2_1_0_0.1"}
{"algorithm": "LTN", "seed": 9, "nb_epochs": 16, "batch_size": 32, "learning_rate": 0.001, "p_forall": 2, "p_exists": 1, "dropout_rate": 0, "size_val": 0.1, "accuracy": 0.7585999965667725, "training_time": 940.5337591171265, "testing_time": 4.065612554550171, "model_file": "LTN_final_9_100_32_0.001_2_1_0_0.1"}
