{"algorithm": "NeurASP", "seed": 0, "nb_epochs_done": 12, "batch_size": 128, "learning_rate": 0.0001, "dropout_rate": 0, "accuracy": 0.755, "training_time": 14311.616143226624, "testing_time": 409.6180818080902, "model_file": "NeurASP_final_0_100_128_0.0001_0_False"}
{"algorithm": "NeurASP", "seed": 1, "nb_epochs_done": 12, "batch_size": 128, "learning_rate": 0.0001, "dropout_rate": 0, "accuracy": 0.762, "training_time": 14362.443425416946, "testing_time": 441.099178314209, "model_file": "NeurASP_final_1_100_128_0.0001_0_False"}
{"algorithm": "NeurASP", "seed": 2, "nb_epochs_done": 11, "batch_size": 128, "learning_rate": 0.0001, "dropout_rate": 0, "accuracy": 0.76, "training_time": 13165.290643930435, "testing_time": 438.42001819610596, "model_file": "NeurASP_final_2_100_128_0.0001_0_False"}
{"algorithm": "NeurASP", "seed": 3, "nb_epochs_done": 11, "batch_size": 128, "learning_rate": 0.0001, "dropout_rate": 0, "accuracy": 0.762, "training_time": 13466.020391464233, "testing_time": 448.92594861984253, "model_file": "NeurASP_final_3_100_128_0.0001_0_False"}
{"algorithm": "NeurASP", "seed": 4, "nb_epochs_done": 12, "batch_size": 128, "learning_rate": 0.0001, "dropout_rate": 0, "accuracy": 0.7609999999999999, "training_time": 14433.63663983345, "testing_time": 441.73160004615784, "model_file": "NeurASP_final_4_100_128_0.0001_0_False"}
{"algorithm": "NeurASP", "seed": 5, "nb_epochs_done": 7, "batch_size": 128, "learning_rate": 0.0001, "dropout_rate": 0, "accuracy": 0.7390000000000001, "training_time": 8137.55243062973, "testing_time": 366.50436997413635, "model_file": "NeurASP_final_5_100_128_0.0001_0_False"}
{"algorithm": "NeurASP", "seed": 6, "nb_epochs_done": 13, "batch_size": 128, "learning_rate": 0.0001, "dropout_rate": 0, "accuracy": 0.764, "training_time": 9562.53721523285, "testing_time": 281.33685088157654, "model_file": "NeurASP_final_6_100_128_0.0001_0_False"}
{"algorithm": "NeurASP", "seed": 7, "nb_epochs_done": 12, "batch_size": 128, "learning_rate": 0.0001, "dropout_rate": 0, "accuracy": 0.758, "training_time": 8750.431899547577, "testing_time": 276.6412274837494, "model_file": "NeurASP_final_7_100_128_0.0001_0_False"}
{"algorithm": "NeurASP", "seed": 8, "nb_epochs_done": 6, "batch_size": 128, "learning_rate": 0.0001, "dropout_rate": 0, "accuracy": 0.7390000000000001, "training_time": 8986.70261669159, "testing_time": 460.2191219329834, "model_file": "NeurASP_final_8_100_128_0.0001_0_False"}
{"algorithm": "NeurASP", "seed": 9, "nb_epochs_done": 13, "batch_size": 128, "learning_rate": 0.0001, "dropout_rate": 0, "accuracy": 0.764, "training_time": 12314.229254961014, "testing_time": 361.1320674419403, "model_file": "NeurASP_final_9_100_128_0.0001_0_False"}
