{"algorithm": "NeurASP", "seed": 0, "nb_epochs_done": 12, "batch_size": 128, "learning_rate": 0.0001, "dropout_rate": 0, "accuracy": 0.787, "training_time": 11833.630376338959, "testing_time": 273.8751268386841, "model_file": "NeurASP_final_0_100_128_0.0001_0_False"}
{"algorithm": "NeurASP", "seed": 1, "nb_epochs_done": 11, "batch_size": 128, "learning_rate": 0.0001, "dropout_rate": 0, "accuracy": 0.7859999999999999, "training_time": 11209.751080989838, "testing_time": 281.23510217666626, "model_file": "NeurASP_final_1_100_128_0.0001_0_False"}
{"algorithm": "NeurASP", "seed": 2, "nb_epochs_done": 5, "batch_size": 128, "learning_rate": 0.0001, "dropout_rate": 0, "accuracy": 0.755, "training_time": 6311.537170410156, "testing_time": 279.50302720069885, "model_file": "NeurASP_final_2_100_128_0.0001_0_False"}
{"algorithm": "NeurASP", "seed": 3, "nb_epochs_done": 9, "batch_size": 128, "learning_rate": 0.0001, "dropout_rate": 0, "accuracy": 0.782, "training_time": 9631.020732164383, "testing_time": 297.7159502506256, "model_file": "NeurASP_final_3_100_128_0.0001_0_False"}
{"algorithm": "NeurASP", "seed": 4, "nb_epochs_done": 11, "batch_size": 128, "learning_rate": 0.0001, "dropout_rate": 0, "accuracy": 0.78, "training_time": 11233.047538042068, "testing_time": 289.36433815956116, "model_file": "NeurASP_final_4_100_128_0.0001_0_False"}
{"algorithm": "NeurASP", "seed": 5, "nb_epochs_done": 10, "batch_size": 128, "learning_rate": 0.0001, "dropout_rate": 0, "accuracy": 0.789, "training_time": 10340.962539434433, "testing_time": 290.54579162597656, "model_file": "NeurASP_final_5_100_128_0.0001_0_False"}
{"algorithm": "NeurASP", "seed": 6, "nb_epochs_done": 5, "batch_size": 128, "learning_rate": 0.0001, "dropout_rate": 0, "accuracy": 0.753, "training_time": 6393.027698755264, "testing_time": 285.35341024398804, "model_file": "NeurASP_final_6_100_128_0.0001_0_False"}
{"algorithm": "NeurASP", "seed": 7, "nb_epochs_done": 12, "batch_size": 128, "learning_rate": 0.0001, "dropout_rate": 0, "accuracy": 0.7859999999999999, "training_time": 11946.316663503647, "testing_time": 292.31164264678955, "model_file": "NeurASP_final_7_100_128_0.0001_0_False"}
{"algorithm": "NeurASP", "seed": 8, "nb_epochs_done": 10, "batch_size": 128, "learning_rate": 0.0001, "dropout_rate": 0, "accuracy": 0.784, "training_time": 10442.206219673157, "testing_time": 313.79552936553955, "model_file": "NeurASP_final_8_100_128_0.0001_0_False"}
{"algorithm": "NeurASP", "seed": 9, "nb_epochs_done": 12, "batch_size": 128, "learning_rate": 0.0001, "dropout_rate": 0, "accuracy": 0.795, "training_time": 11974.49213051796, "testing_time": 281.6464104652405, "model_file": "NeurASP_final_9_100_128_0.0001_0_False"}
