{"algorithm": "NeurASP", "seed": 0, "nb_epochs_done": 6, "batch_size": 128, "learning_rate": 0.0001, "dropout_rate": 0, "accuracy": 0.743, "training_time": 6404.933992385864, "testing_time": 256.3876430988312, "model_file": "NeurASP_final_0_100_128_0.0001_0_False"}
{"algorithm": "NeurASP", "seed": 1, "nb_epochs_done": 12, "batch_size": 128, "learning_rate": 0.0001, "dropout_rate": 0, "accuracy": 0.7759999999999999, "training_time": 10590.380999565125, "testing_time": 271.4546127319336, "model_file": "NeurASP_final_1_100_128_0.0001_0_False"}
{"algorithm": "NeurASP", "seed": 2, "nb_epochs_done": 5, "batch_size": 128, "learning_rate": 0.0001, "dropout_rate": 0, "accuracy": 0.741, "training_time": 7950.599666118622, "testing_time": 374.75618529319763, "model_file": "NeurASP_final_2_100_128_0.0001_0_False"}
{"algorithm": "NeurASP", "seed": 3, "nb_epochs_done": 9, "batch_size": 128, "learning_rate": 0.0001, "dropout_rate": 0, "accuracy": 0.7709999999999999, "training_time": 11118.238047838211, "testing_time": 351.3288104534149, "model_file": "NeurASP_final_3_100_128_0.0001_0_False"}
{"algorithm": "NeurASP", "seed": 4, "nb_epochs_done": 12, "batch_size": 128, "learning_rate": 0.0001, "dropout_rate": 0, "accuracy": 0.77, "training_time": 13319.998925685883, "testing_time": 341.79841327667236, "model_file": "NeurASP_final_4_100_128_0.0001_0_False"}
{"algorithm": "NeurASP", "seed": 5, "nb_epochs_done": 10, "batch_size": 128, "learning_rate": 0.0001, "dropout_rate": 0, "accuracy": 0.777, "training_time": 11587.306049823761, "testing_time": 322.0037143230438, "model_file": "NeurASP_final_5_100_128_0.0001_0_False"}
{"algorithm": "NeurASP", "seed": 6, "nb_epochs_done": 5, "batch_size": 128, "learning_rate": 0.0001, "dropout_rate": 0, "accuracy": 0.738, "training_time": 7256.741086959839, "testing_time": 370.8536651134491, "model_file": "NeurASP_final_6_100_128_0.0001_0_False"}
{"algorithm": "NeurASP", "seed": 7, "nb_epochs_done": 11, "batch_size": 128, "learning_rate": 0.0001, "dropout_rate": 0, "accuracy": 0.767, "training_time": 16104.106867313385, "testing_time": 453.9553771018982, "model_file": "NeurASP_final_7_100_128_0.0001_0_False"}
{"algorithm": "NeurASP", "seed": 8, "nb_epochs_done": 6, "batch_size": 128, "learning_rate": 0.0001, "dropout_rate": 0, "accuracy": 0.745, "training_time": 10549.431056261063, "testing_time": 472.10250449180603, "model_file": "NeurASP_final_8_100_128_0.0001_0_False"}
{"algorithm": "NeurASP", "seed": 9, "nb_epochs_done": 11, "batch_size": 128, "learning_rate": 0.0001, "dropout_rate": 0, "accuracy": 0.774, "training_time": 16685.168511867523, "testing_time": 433.57506680488586, "model_file": "NeurASP_final_9_100_128_0.0001_0_False"}
