{"algorithm": "LTN", "seed": 0, "nb_epochs": 9, "batch_size": 64, "learning_rate": 0.001, "p_forall": 2, "p_exists": 1, "dropout_rate": 0, "size_val": 0.1, "accuracy": 0.6010000109672546, "training_time": 1384.4363222122192, "testing_time": 69.15762782096863, "model_file": "label_noise_0/LTN_final_0_100_64_0.001_2_1_0_0.1"}
{"algorithm": "LTN", "seed": 1, "nb_epochs": 15, "batch_size": 64, "learning_rate": 0.001, "p_forall": 2, "p_exists": 1, "dropout_rate": 0, "size_val": 0.1, "accuracy": 0.6901999711990356, "training_time": 2057.087209224701, "testing_time": 53.293994665145874, "model_file": "label_noise_0/LTN_final_1_100_64_0.001_2_1_0_0.1"}
{"algorithm": "LTN", "seed": 2, "nb_epochs": 15, "batch_size": 64, "learning_rate": 0.001, "p_forall": 2, "p_exists": 1, "dropout_rate": 0, "size_val": 0.1, "accuracy": 0.7552000284194946, "training_time": 2030.4049718379974, "testing_time": 64.72988510131836, "model_file": "label_noise_0/LTN_final_2_100_64_0.001_2_1_0_0.1"}
{"algorithm": "LTN", "seed": 3, "nb_epochs": 9, "batch_size": 64, "learning_rate": 0.001, "p_forall": 2, "p_exists": 1, "dropout_rate": 0, "size_val": 0.1, "accuracy": 0.7160000205039978, "training_time": 1389.997538805008, "testing_time": 72.74160647392273, "model_file": "label_noise_0/LTN_final_3_100_64_0.001_2_1_0_0.1"}
{"algorithm": "LTN", "seed": 4, "nb_epochs": 22, "batch_size": 64, "learning_rate": 0.001, "p_forall": 2, "p_exists": 1, "dropout_rate": 0, "size_val": 0.1, "accuracy": 0.6466000080108643, "training_time": 2852.2854249477386, "testing_time": 81.93520975112915, "model_file": "label_noise_0/LTN_final_4_100_64_0.001_2_1_0_0.1"}
{"algorithm": "LTN", "seed": 5, "nb_epochs": 13, "batch_size": 64, "learning_rate": 0.001, "p_forall": 2, "p_exists": 1, "dropout_rate": 0, "size_val": 0.1, "accuracy": 0.7251999974250793, "training_time": 1774.1758315563202, "testing_time": 81.95371675491333, "model_file": "label_noise_0/LTN_final_5_100_64_0.001_2_1_0_0.1"}
{"algorithm": "LTN", "seed": 6, "nb_epochs": 9, "batch_size": 64, "learning_rate": 0.001, "p_forall": 2, "p_exists": 1, "dropout_rate": 0, "size_val": 0.1, "accuracy": 0.567799985408783, "training_time": 1373.6702547073364, "testing_time": 63.83872580528259, "model_file": "label_noise_0/LTN_final_6_100_64_0.001_2_1_0_0.1"}
{"algorithm": "LTN", "seed": 7, "nb_epochs": 17, "batch_size": 64, "learning_rate": 0.001, "p_forall": 2, "p_exists": 1, "dropout_rate": 0, "size_val": 0.1, "accuracy": 0.5375999808311462, "training_time": 2277.599313020706, "testing_time": 58.498146295547485, "model_file": "label_noise_0/LTN_final_7_100_64_0.001_2_1_0_0.1"}
{"algorithm": "LTN", "seed": 8, "nb_epochs": 11, "batch_size": 64, "learning_rate": 0.001, "p_forall": 2, "p_exists": 1, "dropout_rate": 0, "size_val": 0.1, "accuracy": 0.44839999079704285, "training_time": 1459.19655251503, "testing_time": 51.98206853866577, "model_file": "label_noise_0/LTN_final_8_100_64_0.001_2_1_0_0.1"}
{"algorithm": "LTN", "seed": 9, "nb_epochs": 32, "batch_size": 64, "learning_rate": 0.001, "p_forall": 2, "p_exists": 1, "dropout_rate": 0, "size_val": 0.1, "accuracy": 0.6538000106811523, "training_time": 3901.5223648548126, "testing_time": 60.13731241226196, "model_file": "label_noise_0/LTN_final_9_100_64_0.001_2_1_0_0.1"}
