{"algorithm": "LTN", "seed": 0, "nb_epochs": 9, "batch_size": 64, "learning_rate": 0.001, "p_schedule": 1.0, "use_dropout": false, "size_val": 0.1, "accuracy": 0.6010000109672546, "training_time": 669.1263358592987, "testing_time": 14.222730875015259, "model_file": "label_noise_0/LTN_final_0_100_64_0.001_1.0_False_0.1"}
{"algorithm": "LTN", "seed": 1, "nb_epochs": 15, "batch_size": 64, "learning_rate": 0.001, "p_schedule": 1.0, "use_dropout": false, "size_val": 0.1, "accuracy": 0.6901999711990356, "training_time": 1022.4427568912506, "testing_time": 15.350868701934814, "model_file": "label_noise_0/LTN_final_1_100_64_0.001_1.0_False_0.1"}
{"algorithm": "LTN", "seed": 2, "nb_epochs": 15, "batch_size": 64, "learning_rate": 0.001, "p_schedule": 1.0, "use_dropout": false, "size_val": 0.1, "accuracy": 0.7552000284194946, "training_time": 1001.0116097927094, "testing_time": 14.917702436447144, "model_file": "label_noise_0/LTN_final_2_100_64_0.001_1.0_False_0.1"}
{"algorithm": "LTN", "seed": 3, "nb_epochs": 9, "batch_size": 64, "learning_rate": 0.001, "p_schedule": 1.0, "use_dropout": false, "size_val": 0.1, "accuracy": 0.7160000205039978, "training_time": 614.1673340797424, "testing_time": 20.47227668762207, "model_file": "label_noise_0/LTN_final_3_100_64_0.001_1.0_False_0.1"}
{"algorithm": "LTN", "seed": 4, "nb_epochs": 22, "batch_size": 64, "learning_rate": 0.001, "p_schedule": 1.0, "use_dropout": false, "size_val": 0.1, "accuracy": 0.6466000080108643, "training_time": 1343.553206205368, "testing_time": 16.095214366912842, "model_file": "label_noise_0/LTN_final_4_100_64_0.001_1.0_False_0.1"}
{"algorithm": "LTN", "seed": 5, "nb_epochs": 13, "batch_size": 64, "learning_rate": 0.001, "p_schedule": 1.0, "use_dropout": false, "size_val": 0.1, "accuracy": 0.7251999974250793, "training_time": 886.5264236927032, "testing_time": 20.472084283828735, "model_file": "label_noise_0/LTN_final_5_100_64_0.001_1.0_False_0.1"}
{"algorithm": "LTN", "seed": 6, "nb_epochs": 9, "batch_size": 64, "learning_rate": 0.001, "p_schedule": 1.0, "use_dropout": false, "size_val": 0.1, "accuracy": 0.567799985408783, "training_time": 652.8508913516998, "testing_time": 15.650135040283203, "model_file": "label_noise_0/LTN_final_6_100_64_0.001_1.0_False_0.1"}
{"algorithm": "LTN", "seed": 7, "nb_epochs": 17, "batch_size": 64, "learning_rate": 0.001, "p_schedule": 1.0, "use_dropout": false, "size_val": 0.1, "accuracy": 0.5375999808311462, "training_time": 1101.062730550766, "testing_time": 20.472757816314697, "model_file": "label_noise_0/LTN_final_7_100_64_0.001_1.0_False_0.1"}
{"algorithm": "LTN", "seed": 8, "nb_epochs": 11, "batch_size": 64, "learning_rate": 0.001, "p_schedule": 1.0, "use_dropout": false, "size_val": 0.1, "accuracy": 0.44839999079704285, "training_time": 803.3268699645996, "testing_time": 20.473186492919922, "model_file": "label_noise_0/LTN_final_8_100_64_0.001_1.0_False_0.1"}
{"algorithm": "LTN", "seed": 9, "nb_epochs": 32, "batch_size": 64, "learning_rate": 0.001, "p_schedule": 1.0, "use_dropout": false, "size_val": 0.1, "accuracy": 0.6538000106811523, "training_time": 1900.2850053310394, "testing_time": 20.472710847854614, "model_file": "label_noise_0/LTN_final_9_100_64_0.001_1.0_False_0.1"}
