{"algorithm": "LTN", "seed": 0, "nb_epochs": 3, "batch_size": 16, "learning_rate": 0.001, "p_schedule": 1.0, "use_dropout": true, "accuracy": 0.7459999918937683, "training_time": 3.5315446853637695, "testing_time": 0.7278101444244385, "model_file": "LTN_final_0_3_16_0.001_1.0_True"}
{"algorithm": "LTN", "seed": 1, "nb_epochs": 3, "batch_size": 16, "learning_rate": 0.001, "p_schedule": 1.0, "use_dropout": true, "accuracy": 0.6980000138282776, "training_time": 2.7960927486419678, "testing_time": 0.84177565574646, "model_file": "LTN_final_1_3_16_0.001_1.0_True"}
{"algorithm": "LTN", "seed": 2, "nb_epochs": 3, "batch_size": 16, "learning_rate": 0.001, "p_schedule": 1.0, "use_dropout": true, "accuracy": 0.6980000138282776, "training_time": 3.617483139038086, "testing_time": 0.6800129413604736, "model_file": "LTN_final_2_3_16_0.001_1.0_True"}
