{"algorithm": "DeepProbLog", "seed": 0, "method": "exact", "nb_epochs": 1, "batch_size": 2, "learning_rate": 0.001, "use_dropout": false, "accuracies": [0.963, 0.9586666666666667, 0.956, 0.9593333333333334, 0.9593333333333334, 0.96, 0.9573333333333334, 0.9693333333333334, 0.9516666666666667, 0.9546666666666667], "avg_accuracy": 0.9589333333333332, "model_files_dir": "DeepProbLog_param_0_exact_1_2_0.001_False"}
{"algorithm": "DeepProbLog", "seed": 0, "method": "exact", "nb_epochs": 3, "batch_size": 2, "learning_rate": 0.001, "use_dropout": true, "accuracies": [0.9653333333333334, 0.9696666666666667, 0.9723333333333334, 0.9693333333333334, 0.9706666666666667, 0.9703333333333334, 0.971, 0.969, 0.9693333333333334, 0.9683333333333334], "avg_accuracy": 0.9695333333333334, "model_files_dir": "DeepProbLog_param_0_exact_3_2_0.001_True"}
