{"algorithm": "DeepProbLog", "seed": 0, "method": "exact", "nb_epochs": 3, "batch_size": 2, "learning_rate": 0.001, "use_dropout": true, "accuracies": [0.9653333333333334, 0.9696666666666667, 0.9723333333333334, 0.9693333333333334, 0.9706666666666667, 0.9703333333333334, 0.971, 0.969, 0.9693333333333334, 0.9683333333333334], "avg_accuracy": 0.9695333333333334, "model_files_dir": "DeepProbLog_param_0_exact_3_2_0.001_True"}
{"algorithm": "DeepProbLog", "seed": 0, "method": "exact", "nb_epochs": 3, "batch_size": 2, "learning_rate": 0.001, "use_dropout": false, "accuracies": [0.9683333333333334, 0.9656666666666667, 0.97, 0.9676666666666667, 0.969, 0.97, 0.9693333333333334, 0.9723333333333334, 0.964, 0.962], "avg_accuracy": 0.9678333333333333, "model_files_dir": "DeepProbLog_param_0_exact_3_2_0.001_False"}
{"algorithm": "DeepProbLog", "seed": 0, "method": "exact", "nb_epochs": 1, "batch_size": 2, "learning_rate": 0.001, "use_dropout": false, "accuracies": [0.963, 0.9586666666666667, 0.956, 0.9593333333333334, 0.9593333333333334, 0.96, 0.9573333333333334, 0.9693333333333334, 0.9516666666666667, 0.9546666666666667], "avg_accuracy": 0.9589333333333332, "model_files_dir": "DeepProbLog_param_0_exact_1_2_0.001_False"}
{"algorithm": "DeepProbLog", "seed": 0, "method": "exact", "nb_epochs": 1, "batch_size": 8, "learning_rate": 0.001, "use_dropout": true, "accuracies": [0.9623333333333334, 0.9536666666666667, 0.9596666666666667, 0.9516666666666667, 0.957, 0.958, 0.969, 0.9566666666666667, 0.9593333333333334, 0.9523333333333334], "avg_accuracy": 0.9579666666666669, "model_files_dir": "DeepProbLog_param_0_exact_1_8_0.001_True"}
{"algorithm": "DeepProbLog", "seed": 0, "method": "exact", "nb_epochs": 2, "batch_size": 4, "learning_rate": 0.001, "use_dropout": true, "accuracies": [0.9683333333333334, 0.961, 0.9703333333333334, 0.9596666666666667, 0.968, 0.9733333333333334, 0.9733333333333334, 0.9736666666666667, 0.9613333333333334, 0.961], "avg_accuracy": 0.9670000000000002, "model_files_dir": "DeepProbLog_param_0_exact_2_4_0.001_True"}
{"algorithm": "DeepProbLog", "seed": 0, "method": "exact", "nb_epochs": 2, "batch_size": 2, "learning_rate": 0.001, "use_dropout": false, "accuracies": [0.9606666666666667, 0.9613333333333334, 0.9716666666666667, 0.9506666666666667, 0.9556666666666667, 0.9646666666666667, 0.9633333333333334, 0.9693333333333334, 0.9526666666666667, 0.9626666666666667], "avg_accuracy": 0.9612666666666669, "model_files_dir": "DeepProbLog_param_0_exact_2_2_0.001_False"}
{"algorithm": "DeepProbLog", "seed": 0, "method": "exact", "nb_epochs": 2, "batch_size": 2, "learning_rate": 0.001, "use_dropout": true, "accuracies": [0.9686666666666667, 0.9593333333333334, 0.97, 0.9653333333333334, 0.9613333333333334, 0.9663333333333334, 0.9683333333333334, 0.968, 0.9613333333333334, 0.9613333333333334], "avg_accuracy": 0.9650000000000001, "model_files_dir": "DeepProbLog_param_0_exact_2_2_0.001_True"}
{"algorithm": "DeepProbLog", "seed": 0, "method": "exact", "nb_epochs": 3, "batch_size": 4, "learning_rate": 0.001, "use_dropout": true, "accuracies": [0.973, 0.967, 0.963, 0.9666666666666667, 0.977, 0.972, 0.973, 0.9686666666666667, 0.9623333333333334, 0.969], "avg_accuracy": 0.9691666666666666, "model_files_dir": "DeepProbLog_param_0_exact_3_4_0.001_True"}
{"algorithm": "DeepProbLog", "seed": 0, "method": "exact", "nb_epochs": 3, "batch_size": 8, "learning_rate": 0.001, "use_dropout": false, "accuracies": [0.972, 0.9656666666666667, 0.973, 0.9583333333333334, 0.9703333333333334, 0.974, 0.975, 0.975, 0.9653333333333334, 0.97], "avg_accuracy": 0.9698666666666667, "model_files_dir": "DeepProbLog_param_0_exact_3_8_0.001_False"}
{"algorithm": "DeepProbLog", "seed": 0, "method": "exact", "nb_epochs": 1, "batch_size": 8, "learning_rate": 0.001, "use_dropout": false, "accuracies": [0.9586666666666667, 0.953, 0.958, 0.9523333333333334, 0.948, 0.9573333333333334, 0.9626666666666667, 0.9546666666666667, 0.9516666666666667, 0.955], "avg_accuracy": 0.9551333333333332, "model_files_dir": "DeepProbLog_param_0_exact_1_8_0.001_False"}
