{"algorithm": "LTN", "seed": 0, "nb_epochs": 1, "batch_size": 128, "learning_rate": 0.001, "p_schedule": 1.0, "use_dropout": true, "size_val": 0.1, "accuracy": 0.4390000104904175, "training_time": 83.58048844337463, "testing_time": 14.47160530090332, "model_file": "LTN_final_0_1_128_0.001_1.0_True_0.1"}
{"algorithm": "LTN", "seed": 0, "nb_epochs": 1, "batch_size": 128, "learning_rate": 0.001, "p_schedule": 1.0, "use_dropout": false, "size_val": 0.1, "accuracy": 0.5672000050544739, "training_time": 82.48276400566101, "testing_time": 13.862382411956787, "model_file": "LTN_final_0_1_128_0.001_1.0_False_0.1"}
{"algorithm": "LTN", "seed": 0, "nb_epochs": 1, "batch_size": 128, "learning_rate": 0.001, "p_schedule": 1.0, "use_dropout": false, "size_val": 0.1, "accuracy": 0.5672000050544739, "training_time": 87.00714683532715, "testing_time": 16.27283525466919, "model_file": "LTN_final_0_1_128_0.001_1.0_False_0.1"}
