Epoch,train_loss,train_accuracy,test_loss,test_accuracy
0,0.8590497374534607,0.817530632019043,0.8395034074783325,0.8958996534347534
