{"algorithm": "LTN", "seed": 0, "nb_epochs": 6, "batch_size": 64, "learning_rate": 0.001, "p_forall": 2, "p_exists": 1, "dropout_rate": 0, "size_val": 0.1, "accuracy": 0.17319999635219574, "training_time": 510.1898772716522, "testing_time": 20.474802494049072, "model_file": "label_noise_0.5/LTN_final_0_100_64_0.001_2_1_0_0.1"}
{"algorithm": "LTN", "seed": 1, "nb_epochs": 19, "batch_size": 64, "learning_rate": 0.001, "p_forall": 2, "p_exists": 1, "dropout_rate": 0, "size_val": 0.1, "accuracy": 0.4912000000476837, "training_time": 1276.8572957515717, "testing_time": 14.909316778182983, "model_file": "label_noise_0.5/LTN_final_1_100_64_0.001_2_1_0_0.1"}
{"algorithm": "LTN", "seed": 2, "nb_epochs": 16, "batch_size": 64, "learning_rate": 0.001, "p_forall": 2, "p_exists": 1, "dropout_rate": 0, "size_val": 0.1, "accuracy": 0.487199991941452, "training_time": 1095.7594766616821, "testing_time": 15.452110528945923, "model_file": "label_noise_0.5/LTN_final_2_100_64_0.001_2_1_0_0.1"}
{"algorithm": "LTN", "seed": 3, "nb_epochs": 10, "batch_size": 64, "learning_rate": 0.001, "p_forall": 2, "p_exists": 1, "dropout_rate": 0, "size_val": 0.1, "accuracy": 0.24660000205039978, "training_time": 752.7907955646515, "testing_time": 20.47295045852661, "model_file": "label_noise_0.5/LTN_final_3_100_64_0.001_2_1_0_0.1"}
{"algorithm": "LTN", "seed": 4, "nb_epochs": 6, "batch_size": 64, "learning_rate": 0.001, "p_forall": 2, "p_exists": 1, "dropout_rate": 0, "size_val": 0.1, "accuracy": 0.07840000092983246, "training_time": 505.6057872772217, "testing_time": 20.47369694709778, "model_file": "label_noise_0.5/LTN_final_4_100_64_0.001_2_1_0_0.1"}
{"algorithm": "LTN", "seed": 5, "nb_epochs": 15, "batch_size": 64, "learning_rate": 0.001, "p_forall": 2, "p_exists": 1, "dropout_rate": 0, "size_val": 0.1, "accuracy": 0.48500001430511475, "training_time": 983.1211698055267, "testing_time": 15.768168449401855, "model_file": "label_noise_0.5/LTN_final_5_100_64_0.001_2_1_0_0.1"}
{"algorithm": "LTN", "seed": 6, "nb_epochs": 3, "batch_size": 64, "learning_rate": 0.001, "p_forall": 2, "p_exists": 1, "dropout_rate": 0, "size_val": 0.1, "accuracy": 0.16779999434947968, "training_time": 324.4942555427551, "testing_time": 15.586544275283813, "model_file": "label_noise_0.5/LTN_final_6_100_64_0.001_2_1_0_0.1"}
{"algorithm": "LTN", "seed": 7, "nb_epochs": 7, "batch_size": 64, "learning_rate": 0.001, "p_forall": 2, "p_exists": 1, "dropout_rate": 0, "size_val": 0.1, "accuracy": 0.08299999684095383, "training_time": 588.5836818218231, "testing_time": 16.1237952709198, "model_file": "label_noise_0.5/LTN_final_7_100_64_0.001_2_1_0_0.1"}
{"algorithm": "LTN", "seed": 8, "nb_epochs": 14, "batch_size": 64, "learning_rate": 0.001, "p_forall": 2, "p_exists": 1, "dropout_rate": 0, "size_val": 0.1, "accuracy": 0.6385999917984009, "training_time": 922.1390135288239, "testing_time": 15.417113542556763, "model_file": "label_noise_0.5/LTN_final_8_100_64_0.001_2_1_0_0.1"}
{"algorithm": "LTN", "seed": 9, "nb_epochs": 9, "batch_size": 64, "learning_rate": 0.001, "p_forall": 2, "p_exists": 1, "dropout_rate": 0, "size_val": 0.1, "accuracy": 0.38199999928474426, "training_time": 695.9447476863861, "testing_time": 16.10860776901245, "model_file": "label_noise_0.5/LTN_final_9_100_64_0.001_2_1_0_0.1"}
