{"algorithm": "LTN", "seed": 0, "nb_epochs": 6, "batch_size": 64, "learning_rate": 0.001, "p_schedule": 1.0, "use_dropout": false, "size_val": 0.1, "accuracy": 0.17319999635219574, "training_time": 512.8663110733032, "testing_time": 20.47183060646057, "model_file": "label_noise_0.5/LTN_final_0_100_64_0.001_1.0_False_0.1"}
{"algorithm": "LTN", "seed": 1, "nb_epochs": 19, "batch_size": 64, "learning_rate": 0.001, "p_schedule": 1.0, "use_dropout": false, "size_val": 0.1, "accuracy": 0.4912000000476837, "training_time": 1249.955629825592, "testing_time": 14.677555322647095, "model_file": "label_noise_0.5/LTN_final_1_100_64_0.001_1.0_False_0.1"}
{"algorithm": "LTN", "seed": 2, "nb_epochs": 16, "batch_size": 64, "learning_rate": 0.001, "p_schedule": 1.0, "use_dropout": false, "size_val": 0.1, "accuracy": 0.487199991941452, "training_time": 1036.6448380947113, "testing_time": 15.052635669708252, "model_file": "label_noise_0.5/LTN_final_2_100_64_0.001_1.0_False_0.1"}
{"algorithm": "LTN", "seed": 3, "nb_epochs": 10, "batch_size": 64, "learning_rate": 0.001, "p_schedule": 1.0, "use_dropout": false, "size_val": 0.1, "accuracy": 0.24660000205039978, "training_time": 711.8918130397797, "testing_time": 20.47183084487915, "model_file": "label_noise_0.5/LTN_final_3_100_64_0.001_1.0_False_0.1"}
{"algorithm": "LTN", "seed": 4, "nb_epochs": 6, "batch_size": 64, "learning_rate": 0.001, "p_schedule": 1.0, "use_dropout": false, "size_val": 0.1, "accuracy": 0.07840000092983246, "training_time": 468.90166091918945, "testing_time": 20.47296953201294, "model_file": "label_noise_0.5/LTN_final_4_100_64_0.001_1.0_False_0.1"}
{"algorithm": "LTN", "seed": 5, "nb_epochs": 15, "batch_size": 64, "learning_rate": 0.001, "p_schedule": 1.0, "use_dropout": false, "size_val": 0.1, "accuracy": 0.48500001430511475, "training_time": 1011.0440816879272, "testing_time": 20.472058296203613, "model_file": "label_noise_0.5/LTN_final_5_100_64_0.001_1.0_False_0.1"}
{"algorithm": "LTN", "seed": 6, "nb_epochs": 3, "batch_size": 64, "learning_rate": 0.001, "p_schedule": 1.0, "use_dropout": false, "size_val": 0.1, "accuracy": 0.16779999434947968, "training_time": 343.5309507846832, "testing_time": 20.472332000732422, "model_file": "label_noise_0.5/LTN_final_6_100_64_0.001_1.0_False_0.1"}
{"algorithm": "LTN", "seed": 7, "nb_epochs": 7, "batch_size": 64, "learning_rate": 0.001, "p_schedule": 1.0, "use_dropout": false, "size_val": 0.1, "accuracy": 0.08299999684095383, "training_time": 539.1196763515472, "testing_time": 15.321885824203491, "model_file": "label_noise_0.5/LTN_final_7_100_64_0.001_1.0_False_0.1"}
{"algorithm": "LTN", "seed": 8, "nb_epochs": 14, "batch_size": 64, "learning_rate": 0.001, "p_schedule": 1.0, "use_dropout": false, "size_val": 0.1, "accuracy": 0.6385999917984009, "training_time": 951.6604332923889, "testing_time": 20.472870588302612, "model_file": "label_noise_0.5/LTN_final_8_100_64_0.001_1.0_False_0.1"}
{"algorithm": "LTN", "seed": 9, "nb_epochs": 9, "batch_size": 64, "learning_rate": 0.001, "p_schedule": 1.0, "use_dropout": false, "size_val": 0.1, "accuracy": 0.38199999928474426, "training_time": 655.7706980705261, "testing_time": 14.67690920829773, "model_file": "label_noise_0.5/LTN_final_9_100_64_0.001_1.0_False_0.1"}
