{"algorithm": "LTN", "seed": 0, "nb_epochs": 6, "batch_size": 64, "learning_rate": 0.001, "p_forall": 2, "p_exists": 1, "dropout_rate": 0, "size_val": 0.1, "accuracy": 0.17319999635219574, "training_time": 510.1898772716522, "testing_time": 20.474802494049072, "model_file": "label_noise_0.5/LTN_final_0_100_64_0.001_2_1_0_0.1"}
{"algorithm": "LTN", "seed": 1, "nb_epochs": 19, "batch_size": 64, "learning_rate": 0.001, "p_forall": 2, "p_exists": 1, "dropout_rate": 0, "size_val": 0.1, "accuracy": 0.4912000000476837, "training_time": 1276.8572957515717, "testing_time": 14.909316778182983, "model_file": "label_noise_0.5/LTN_final_1_100_64_0.001_2_1_0_0.1"}
{"algorithm": "LTN", "seed": 2, "nb_epochs": 16, "batch_size": 64, "learning_rate": 0.001, "p_forall": 2, "p_exists": 1, "dropout_rate": 0, "size_val": 0.1, "accuracy": 0.487199991941452, "training_time": 1095.7594766616821, "testing_time": 15.452110528945923, "model_file": "label_noise_0.5/LTN_final_2_100_64_0.001_2_1_0_0.1"}
{"algorithm": "LTN", "seed": 3, "nb_epochs": 10, "batch_size": 64, "learning_rate": 0.001, "p_forall": 2, "p_exists": 1, "dropout_rate": 0, "size_val": 0.1, "accuracy": 0.24660000205039978, "training_time": 752.7907955646515, "testing_time": 20.47295045852661, "model_file": "label_noise_0.5/LTN_final_3_100_64_0.001_2_1_0_0.1"}
