{"algorithm": "NN", "seed": 0, "nb_epochs": 1, "batch_size": 128, "learning_rate": 0.0001, "dropout_rate": 0, "accuracy": 0.169, "training_time": 1.8069288730621338, "testing_time": 1.3541088104248047, "model_file": "NN_final_0_0.5_100_Adam_128_0.0001_0"}
{"algorithm": "NN", "seed": 1, "nb_epochs": 19, "batch_size": 128, "learning_rate": 0.0001, "dropout_rate": 0, "accuracy": 0.717, "training_time": 10.440897464752197, "testing_time": 1.0131607055664062, "model_file": "NN_final_1_0.5_100_Adam_128_0.0001_0"}
{"algorithm": "NN", "seed": 2, "nb_epochs": 16, "batch_size": 128, "learning_rate": 0.0001, "dropout_rate": 0, "accuracy": 0.729, "training_time": 8.666155576705933, "testing_time": 1.5966176986694336, "model_file": "NN_final_2_0.5_100_Adam_128_0.0001_0"}
{"algorithm": "NN", "seed": 3, "nb_epochs": 17, "batch_size": 128, "learning_rate": 0.0001, "dropout_rate": 0, "accuracy": 0.723, "training_time": 9.363800048828125, "testing_time": 1.173811674118042, "model_file": "NN_final_3_0.5_100_Adam_128_0.0001_0"}
{"algorithm": "NN", "seed": 4, "nb_epochs": 20, "batch_size": 128, "learning_rate": 0.0001, "dropout_rate": 0, "accuracy": 0.709, "training_time": 10.88626742362976, "testing_time": 1.089186668395996, "model_file": "NN_final_4_0.5_100_Adam_128_0.0001_0"}
{"algorithm": "NN", "seed": 5, "nb_epochs": 21, "batch_size": 128, "learning_rate": 0.0001, "dropout_rate": 0, "accuracy": 0.726, "training_time": 11.120151281356812, "testing_time": 1.1398937702178955, "model_file": "NN_final_5_0.5_100_Adam_128_0.0001_0"}
{"algorithm": "NN", "seed": 6, "nb_epochs": 8, "batch_size": 128, "learning_rate": 0.0001, "dropout_rate": 0, "accuracy": 0.628, "training_time": 5.431351661682129, "testing_time": 0.9669666290283203, "model_file": "NN_final_6_0.5_100_Adam_128_0.0001_0"}
{"algorithm": "NN", "seed": 7, "nb_epochs": 18, "batch_size": 128, "learning_rate": 0.0001, "dropout_rate": 0, "accuracy": 0.732, "training_time": 9.218950510025024, "testing_time": 0.94199538230896, "model_file": "NN_final_7_0.5_100_Adam_128_0.0001_0"}
{"algorithm": "NN", "seed": 8, "nb_epochs": 18, "batch_size": 128, "learning_rate": 0.0001, "dropout_rate": 0, "accuracy": 0.717, "training_time": 9.80083179473877, "testing_time": 1.0010597705841064, "model_file": "NN_final_8_0.5_100_Adam_128_0.0001_0"}
{"algorithm": "NN", "seed": 9, "nb_epochs": 8, "batch_size": 128, "learning_rate": 0.0001, "dropout_rate": 0, "accuracy": 0.642, "training_time": 5.2320661544799805, "testing_time": 1.1629977226257324, "model_file": "NN_final_9_0.5_100_Adam_128_0.0001_0"}
