{"algorithm": "NN", "seed": 0, "nb_epochs": 11, "batch_size": 128, "learning_rate": 0.0001, "dropout_rate": 0, "accuracy": 0.736, "training_time": 5.837824583053589, "testing_time": 0.5497102737426758, "model_file": "NN_final_0_0_100_Adam_128_0.0001_0"}
{"algorithm": "NN", "seed": 1, "nb_epochs": 11, "batch_size": 128, "learning_rate": 0.0001, "dropout_rate": 0, "accuracy": 0.745, "training_time": 5.028000116348267, "testing_time": 0.5452098846435547, "model_file": "NN_final_1_0_100_Adam_128_0.0001_0"}
{"algorithm": "NN", "seed": 2, "nb_epochs": 9, "batch_size": 128, "learning_rate": 0.0001, "dropout_rate": 0, "accuracy": 0.745, "training_time": 4.317917346954346, "testing_time": 0.557880163192749, "model_file": "NN_final_2_0_100_Adam_128_0.0001_0"}
{"algorithm": "NN", "seed": 3, "nb_epochs": 10, "batch_size": 128, "learning_rate": 0.0001, "dropout_rate": 0, "accuracy": 0.746, "training_time": 4.677830696105957, "testing_time": 0.5568513870239258, "model_file": "NN_final_3_0_100_Adam_128_0.0001_0"}
{"algorithm": "NN", "seed": 4, "nb_epochs": 11, "batch_size": 128, "learning_rate": 0.0001, "dropout_rate": 0, "accuracy": 0.739, "training_time": 5.019874095916748, "testing_time": 0.5477607250213623, "model_file": "NN_final_4_0_100_Adam_128_0.0001_0"}
{"algorithm": "NN", "seed": 5, "nb_epochs": 11, "batch_size": 128, "learning_rate": 0.0001, "dropout_rate": 0, "accuracy": 0.738, "training_time": 5.012128591537476, "testing_time": 0.5488440990447998, "model_file": "NN_final_5_0_100_Adam_128_0.0001_0"}
{"algorithm": "NN", "seed": 6, "nb_epochs": 4, "batch_size": 128, "learning_rate": 0.0001, "dropout_rate": 0, "accuracy": 0.635, "training_time": 2.5549521446228027, "testing_time": 0.554041862487793, "model_file": "NN_final_6_0_100_Adam_128_0.0001_0"}
{"algorithm": "NN", "seed": 7, "nb_epochs": 11, "batch_size": 128, "learning_rate": 0.0001, "dropout_rate": 0, "accuracy": 0.748, "training_time": 5.013402223587036, "testing_time": 0.5448672771453857, "model_file": "NN_final_7_0_100_Adam_128_0.0001_0"}
{"algorithm": "NN", "seed": 8, "nb_epochs": 9, "batch_size": 128, "learning_rate": 0.0001, "dropout_rate": 0, "accuracy": 0.742, "training_time": 4.278548717498779, "testing_time": 0.5578293800354004, "model_file": "NN_final_8_0_100_Adam_128_0.0001_0"}
{"algorithm": "NN", "seed": 9, "nb_epochs": 9, "batch_size": 128, "learning_rate": 0.0001, "dropout_rate": 0, "accuracy": 0.738, "training_time": 4.362306118011475, "testing_time": 0.5519716739654541, "model_file": "NN_final_9_0_100_Adam_128_0.0001_0"}
