{"algorithm": "NN", "seed": 0, "nb_epochs": 13, "batch_size": 128, "learning_rate": 0.0001, "dropout_rate": 0, "accuracy": 0.745, "training_time": 11.962111711502075, "testing_time": 0.921212911605835, "model_file": "NN_final_0_0.1_100_Adam_128_0.0001_0"}
{"algorithm": "NN", "seed": 1, "nb_epochs": 14, "batch_size": 128, "learning_rate": 0.0001, "dropout_rate": 0, "accuracy": 0.747, "training_time": 11.644094944000244, "testing_time": 1.1992874145507812, "model_file": "NN_final_1_0.1_100_Adam_128_0.0001_0"}
{"algorithm": "NN", "seed": 2, "nb_epochs": 14, "batch_size": 128, "learning_rate": 0.0001, "dropout_rate": 0, "accuracy": 0.746, "training_time": 12.218682527542114, "testing_time": 1.0443933010101318, "model_file": "NN_final_2_0.1_100_Adam_128_0.0001_0"}
{"algorithm": "NN", "seed": 3, "nb_epochs": 10, "batch_size": 128, "learning_rate": 0.0001, "dropout_rate": 0, "accuracy": 0.739, "training_time": 9.194793224334717, "testing_time": 1.0295307636260986, "model_file": "NN_final_3_0.1_100_Adam_128_0.0001_0"}
{"algorithm": "NN", "seed": 4, "nb_epochs": 13, "batch_size": 128, "learning_rate": 0.0001, "dropout_rate": 0, "accuracy": 0.742, "training_time": 11.659960269927979, "testing_time": 0.9902963638305664, "model_file": "NN_final_4_0.1_100_Adam_128_0.0001_0"}
{"algorithm": "NN", "seed": 5, "nb_epochs": 12, "batch_size": 128, "learning_rate": 0.0001, "dropout_rate": 0, "accuracy": 0.74, "training_time": 10.222203016281128, "testing_time": 0.9349956512451172, "model_file": "NN_final_5_0.1_100_Adam_128_0.0001_0"}
{"algorithm": "NN", "seed": 6, "nb_epochs": 11, "batch_size": 128, "learning_rate": 0.0001, "dropout_rate": 0, "accuracy": 0.718, "training_time": 10.493347883224487, "testing_time": 0.9200966358184814, "model_file": "NN_final_6_0.1_100_Adam_128_0.0001_0"}
{"algorithm": "NN", "seed": 7, "nb_epochs": 11, "batch_size": 128, "learning_rate": 0.0001, "dropout_rate": 0, "accuracy": 0.748, "training_time": 9.74874758720398, "testing_time": 1.1099917888641357, "model_file": "NN_final_7_0.1_100_Adam_128_0.0001_0"}
{"algorithm": "NN", "seed": 8, "nb_epochs": 12, "batch_size": 128, "learning_rate": 0.0001, "dropout_rate": 0, "accuracy": 0.741, "training_time": 10.930050373077393, "testing_time": 0.9330766201019287, "model_file": "NN_final_8_0.1_100_Adam_128_0.0001_0"}
{"algorithm": "NN", "seed": 9, "nb_epochs": 12, "batch_size": 128, "learning_rate": 0.0001, "dropout_rate": 0, "accuracy": 0.737, "training_time": 10.454646825790405, "testing_time": 1.1243624687194824, "model_file": "NN_final_9_0.1_100_Adam_128_0.0001_0"}
