{"algorithm": "NN", "seed": 0, "nb_epochs": 15, "batch_size": 128, "learning_rate": 0.0001, "dropout_rate": 0, "accuracy": 0.736, "training_time": 11.334765195846558, "testing_time": 1.0937511920928955, "model_file": "NN_final_0_0.25_100_Adam_128_0.0001_0"}
{"algorithm": "NN", "seed": 1, "nb_epochs": 15, "batch_size": 128, "learning_rate": 0.0001, "dropout_rate": 0, "accuracy": 0.745, "training_time": 10.755547523498535, "testing_time": 1.3267593383789062, "model_file": "NN_final_1_0.25_100_Adam_128_0.0001_0"}
{"algorithm": "NN", "seed": 2, "nb_epochs": 12, "batch_size": 128, "learning_rate": 0.0001, "dropout_rate": 0, "accuracy": 0.738, "training_time": 9.471246242523193, "testing_time": 1.1663050651550293, "model_file": "NN_final_2_0.25_100_Adam_128_0.0001_0"}
{"algorithm": "NN", "seed": 3, "nb_epochs": 10, "batch_size": 128, "learning_rate": 0.0001, "dropout_rate": 0, "accuracy": 0.732, "training_time": 8.153442859649658, "testing_time": 1.1634011268615723, "model_file": "NN_final_3_0.25_100_Adam_128_0.0001_0"}
{"algorithm": "NN", "seed": 4, "nb_epochs": 16, "batch_size": 128, "learning_rate": 0.0001, "dropout_rate": 0, "accuracy": 0.74, "training_time": 12.44982099533081, "testing_time": 1.1267085075378418, "model_file": "NN_final_4_0.25_100_Adam_128_0.0001_0"}
{"algorithm": "NN", "seed": 5, "nb_epochs": 14, "batch_size": 128, "learning_rate": 0.0001, "dropout_rate": 0, "accuracy": 0.743, "training_time": 11.271229028701782, "testing_time": 1.4483251571655273, "model_file": "NN_final_5_0.25_100_Adam_128_0.0001_0"}
{"algorithm": "NN", "seed": 6, "nb_epochs": 4, "batch_size": 128, "learning_rate": 0.0001, "dropout_rate": 0, "accuracy": 0.653, "training_time": 4.693936586380005, "testing_time": 1.7898318767547607, "model_file": "NN_final_6_0.25_100_Adam_128_0.0001_0"}
{"algorithm": "NN", "seed": 7, "nb_epochs": 13, "batch_size": 128, "learning_rate": 0.0001, "dropout_rate": 0, "accuracy": 0.732, "training_time": 10.183640003204346, "testing_time": 1.0010266304016113, "model_file": "NN_final_7_0.25_100_Adam_128_0.0001_0"}
{"algorithm": "NN", "seed": 8, "nb_epochs": 13, "batch_size": 128, "learning_rate": 0.0001, "dropout_rate": 0, "accuracy": 0.732, "training_time": 9.933396816253662, "testing_time": 1.64432692527771, "model_file": "NN_final_8_0.25_100_Adam_128_0.0001_0"}
{"algorithm": "NN", "seed": 9, "nb_epochs": 12, "batch_size": 128, "learning_rate": 0.0001, "dropout_rate": 0, "accuracy": 0.732, "training_time": 9.418126106262207, "testing_time": 1.0892589092254639, "model_file": "NN_final_9_0.25_100_Adam_128_0.0001_0"}
