{"algorithm": "DeepStochLog", "seed": 0, "nb_epochs": 1, "batch_size": 2, "learning_rate": 0.001, "epsilon": 1e-08, "use_dropout": false, "accuracies": [0.9623333333333334, 0.962, 0.957, 0.957, 0.957, 0.956, 0.9516666666666667, 0.9543333333333334, 0.9473333333333334, 0.9606666666666667], "avg_accuracy": 0.9565333333333333, "model_files_dir": "DeepStochLog_0_1_2_0.001_1e-08_False"}
