{"algorithm": "DeepStochLog", "seed": 0, "nb_epochs": 3, "batch_size": 2, "learning_rate": 0.001, "epsilon": 1e-08, "use_dropout": true, "accuracies": [0.9626666666666667, 0.952, 0.9626666666666667, 0.952, 0.9593333333333334, 0.965, 0.96, 0.953, 0.9593333333333334, 0.962], "avg_accuracy": 0.9588000000000001, "model_files_dir": "DeepStochLog_0_3_2_0.001_1e-08_True"}
{"algorithm": "DeepStochLog", "seed": 0, "nb_epochs": 3, "batch_size": 2, "learning_rate": 0.001, "epsilon": 1e-08, "use_dropout": false, "accuracies": [0.9683333333333334, 0.969, 0.97, 0.9643333333333334, 0.967, 0.9736666666666667, 0.9733333333333334, 0.969, 0.9586666666666667, 0.9663333333333334], "avg_accuracy": 0.9679666666666666, "model_files_dir": "DeepStochLog_0_3_2_0.001_1e-08_False"}
{"algorithm": "DeepStochLog", "seed": 0, "nb_epochs": 1, "batch_size": 2, "learning_rate": 0.001, "epsilon": 1e-08, "use_dropout": false, "accuracies": [0.9623333333333334, 0.962, 0.957, 0.957, 0.957, 0.956, 0.9516666666666667, 0.9543333333333334, 0.9473333333333334, 0.9606666666666667], "avg_accuracy": 0.9565333333333333, "model_files_dir": "DeepStochLog_0_1_2_0.001_1e-08_False"}
{"algorithm": "DeepStochLog", "seed": 0, "nb_epochs": 1, "batch_size": 8, "learning_rate": 0.001, "epsilon": 1e-08, "use_dropout": true, "accuracies": [0.949, 0.9493333333333334, 0.9353333333333333, 0.9336666666666666, 0.9453333333333334, 0.952, 0.9576666666666667, 0.9466666666666667, 0.9396666666666667, 0.9496666666666667], "avg_accuracy": 0.9458333333333334, "model_files_dir": "DeepStochLog_0_1_8_0.001_1e-08_True"}
{"algorithm": "DeepStochLog", "seed": 0, "nb_epochs": 2, "batch_size": 4, "learning_rate": 0.001, "epsilon": 1e-08, "use_dropout": true, "accuracies": [0.9603333333333334, 0.9613333333333334, 0.9463333333333334, 0.958, 0.9643333333333334, 0.9636666666666667, 0.967, 0.9556666666666667, 0.952, 0.9546666666666667], "avg_accuracy": 0.9583333333333334, "model_files_dir": "DeepStochLog_0_2_4_0.001_1e-08_True"}
{"algorithm": "DeepStochLog", "seed": 0, "nb_epochs": 2, "batch_size": 2, "learning_rate": 0.001, "epsilon": 1e-08, "use_dropout": false, "accuracies": [0.9683333333333334, 0.9583333333333334, 0.9683333333333334, 0.958, 0.96, 0.9623333333333334, 0.9436666666666667, 0.9666666666666667, 0.9643333333333334, 0.96], "avg_accuracy": 0.961, "model_files_dir": "DeepStochLog_0_2_2_0.001_1e-08_False"}
