{"algorithm": "LTN", "seed": 0, "nb_epochs": 3, "batch_size": 16, "learning_rate": 0.001, "p_schedule": 1.0, "use_dropout": true, "size_val": 0.1, "accuracy": 0.7734000086784363, "training_time": 152.05088663101196, "testing_time": 4.403523206710815, "model_file": "LTN_final_0_3_16_0.001_1.0_True_0.1"}
{"algorithm": "LTN", "seed": 1, "nb_epochs": 3, "batch_size": 16, "learning_rate": 0.001, "p_schedule": 1.0, "use_dropout": true, "size_val": 0.1, "accuracy": 0.76419997215271, "training_time": 153.06928634643555, "testing_time": 4.03848934173584, "model_file": "LTN_final_1_3_16_0.001_1.0_True_0.1"}
{"algorithm": "LTN", "seed": 2, "nb_epochs": 3, "batch_size": 16, "learning_rate": 0.001, "p_schedule": 1.0, "use_dropout": true, "size_val": 0.1, "accuracy": 0.7753999829292297, "training_time": 153.09351992607117, "testing_time": 3.7718334197998047, "model_file": "LTN_final_2_3_16_0.001_1.0_True_0.1"}
{"algorithm": "LTN", "seed": 3, "nb_epochs": 3, "batch_size": 16, "learning_rate": 0.001, "p_schedule": 1.0, "use_dropout": true, "size_val": 0.1, "accuracy": 0.9581999778747559, "training_time": 152.71675038337708, "testing_time": 4.321225166320801, "model_file": "LTN_final_3_3_16_0.001_1.0_True_0.1"}
{"algorithm": "LTN", "seed": 4, "nb_epochs": 3, "batch_size": 16, "learning_rate": 0.001, "p_schedule": 1.0, "use_dropout": true, "size_val": 0.1, "accuracy": 0.9584000110626221, "training_time": 153.51963472366333, "testing_time": 4.0641632080078125, "model_file": "LTN_final_4_3_16_0.001_1.0_True_0.1"}
{"algorithm": "LTN", "seed": 5, "nb_epochs": 3, "batch_size": 16, "learning_rate": 0.001, "p_schedule": 1.0, "use_dropout": true, "size_val": 0.1, "accuracy": 0.949400007724762, "training_time": 153.20226192474365, "testing_time": 3.485934257507324, "model_file": "LTN_final_5_3_16_0.001_1.0_True_0.1"}
{"algorithm": "LTN", "seed": 6, "nb_epochs": 3, "batch_size": 16, "learning_rate": 0.001, "p_schedule": 1.0, "use_dropout": true, "size_val": 0.1, "accuracy": 0.9513999819755554, "training_time": 153.02264714241028, "testing_time": 3.6431283950805664, "model_file": "LTN_final_6_3_16_0.001_1.0_True_0.1"}
{"algorithm": "LTN", "seed": 7, "nb_epochs": 3, "batch_size": 16, "learning_rate": 0.001, "p_schedule": 1.0, "use_dropout": true, "size_val": 0.1, "accuracy": 0.626800000667572, "training_time": 153.2590937614441, "testing_time": 4.051882743835449, "model_file": "LTN_final_7_3_16_0.001_1.0_True_0.1"}
{"algorithm": "LTN", "seed": 8, "nb_epochs": 3, "batch_size": 16, "learning_rate": 0.001, "p_schedule": 1.0, "use_dropout": true, "size_val": 0.1, "accuracy": 0.6452000141143799, "training_time": 153.42780232429504, "testing_time": 3.5932748317718506, "model_file": "LTN_final_8_3_16_0.001_1.0_True_0.1"}
{"algorithm": "LTN", "seed": 9, "nb_epochs": 3, "batch_size": 16, "learning_rate": 0.001, "p_schedule": 1.0, "use_dropout": true, "size_val": 0.1, "accuracy": 0.6323999762535095, "training_time": 153.11848211288452, "testing_time": 3.98593807220459, "model_file": "LTN_final_9_3_16_0.001_1.0_True_0.1"}
{"algorithm": "LTN", "seed": 0, "nb_epochs": 3, "batch_size": 16, "learning_rate": 0.001, "p_schedule": 1.0, "use_dropout": false, "size_val": 0.1, "accuracy": 0.7803999781608582, "training_time": 149.05935049057007, "testing_time": 4.117115020751953, "model_file": "LTN_final_0_3_16_0.001_1.0_False_0.1"}
{"algorithm": "LTN", "seed": 1, "nb_epochs": 3, "batch_size": 16, "learning_rate": 0.001, "p_schedule": 1.0, "use_dropout": false, "size_val": 0.1, "accuracy": 0.9567999839782715, "training_time": 150.7975845336914, "testing_time": 4.262643814086914, "model_file": "LTN_final_1_3_16_0.001_1.0_False_0.1"}
{"algorithm": "LTN", "seed": 2, "nb_epochs": 3, "batch_size": 16, "learning_rate": 0.001, "p_schedule": 1.0, "use_dropout": false, "size_val": 0.1, "accuracy": 0.657800018787384, "training_time": 151.11822128295898, "testing_time": 3.9733357429504395, "model_file": "LTN_final_2_3_16_0.001_1.0_False_0.1"}
{"algorithm": "LTN", "seed": 3, "nb_epochs": 3, "batch_size": 16, "learning_rate": 0.001, "p_schedule": 1.0, "use_dropout": false, "size_val": 0.1, "accuracy": 0.7856000065803528, "training_time": 150.83039808273315, "testing_time": 4.2528886795043945, "model_file": "LTN_final_3_3_16_0.001_1.0_False_0.1"}
{"algorithm": "LTN", "seed": 4, "nb_epochs": 3, "batch_size": 16, "learning_rate": 0.001, "p_schedule": 1.0, "use_dropout": false, "size_val": 0.1, "accuracy": 0.504800021648407, "training_time": 151.0872676372528, "testing_time": 4.551525831222534, "model_file": "LTN_final_4_3_16_0.001_1.0_False_0.1"}
{"algorithm": "LTN", "seed": 5, "nb_epochs": 3, "batch_size": 16, "learning_rate": 0.001, "p_schedule": 1.0, "use_dropout": false, "size_val": 0.1, "accuracy": 0.9598000049591064, "training_time": 150.72364783287048, "testing_time": 3.699387788772583, "model_file": "LTN_final_5_3_16_0.001_1.0_False_0.1"}
{"algorithm": "LTN", "seed": 6, "nb_epochs": 3, "batch_size": 16, "learning_rate": 0.001, "p_schedule": 1.0, "use_dropout": false, "size_val": 0.1, "accuracy": 0.9620000123977661, "training_time": 150.88307929039001, "testing_time": 4.279138565063477, "model_file": "LTN_final_6_3_16_0.001_1.0_False_0.1"}
{"algorithm": "LTN", "seed": 7, "nb_epochs": 3, "batch_size": 16, "learning_rate": 0.001, "p_schedule": 1.0, "use_dropout": false, "size_val": 0.1, "accuracy": 0.49639999866485596, "training_time": 150.4005606174469, "testing_time": 4.527451992034912, "model_file": "LTN_final_7_3_16_0.001_1.0_False_0.1"}
{"algorithm": "LTN", "seed": 8, "nb_epochs": 3, "batch_size": 16, "learning_rate": 0.001, "p_schedule": 1.0, "use_dropout": false, "size_val": 0.1, "accuracy": 0.9639999866485596, "training_time": 151.2143898010254, "testing_time": 4.503487825393677, "model_file": "LTN_final_8_3_16_0.001_1.0_False_0.1"}
{"algorithm": "LTN", "seed": 9, "nb_epochs": 3, "batch_size": 16, "learning_rate": 0.001, "p_schedule": 1.0, "use_dropout": false, "size_val": 0.1, "accuracy": 0.6399999856948853, "training_time": 151.40205931663513, "testing_time": 4.14703369140625, "model_file": "LTN_final_9_3_16_0.001_1.0_False_0.1"}
{"algorithm": "LTN", "seed": 0, "nb_epochs": 13, "batch_size": 64, "learning_rate": 0.001, "p_schedule": 1.0, "use_dropout": false, "size_val": 0.1, "accuracy": 0.9684000015258789, "training_time": 743.5902495384216, "testing_time": 3.564805030822754, "model_file": "LTN_final_0_100_64_0.001_1.0_False_0.1"}
{"algorithm": "LTN", "seed": 1, "nb_epochs": 13, "batch_size": 64, "learning_rate": 0.001, "p_schedule": 1.0, "use_dropout": false, "size_val": 0.1, "accuracy": 0.9714000225067139, "training_time": 746.5349814891815, "testing_time": 3.846557378768921, "model_file": "LTN_final_1_100_64_0.001_1.0_False_0.1"}
{"algorithm": "LTN", "seed": 2, "nb_epochs": 6, "batch_size": 64, "learning_rate": 0.001, "p_schedule": 1.0, "use_dropout": false, "size_val": 0.1, "accuracy": 0.9624000191688538, "training_time": 421.995765209198, "testing_time": 4.043452501296997, "model_file": "LTN_final_2_100_64_0.001_1.0_False_0.1"}
{"algorithm": "LTN", "seed": 3, "nb_epochs": 22, "batch_size": 64, "learning_rate": 0.001, "p_schedule": 1.0, "use_dropout": false, "size_val": 0.1, "accuracy": 0.7940000295639038, "training_time": 1169.0545654296875, "testing_time": 3.875492572784424, "model_file": "LTN_final_3_100_64_0.001_1.0_False_0.1"}
{"algorithm": "LTN", "seed": 4, "nb_epochs": 10, "batch_size": 64, "learning_rate": 0.001, "p_schedule": 1.0, "use_dropout": false, "size_val": 0.1, "accuracy": 0.6230000257492065, "training_time": 607.7708132266998, "testing_time": 4.309260606765747, "model_file": "LTN_final_4_100_64_0.001_1.0_False_0.1"}
{"algorithm": "LTN", "seed": 5, "nb_epochs": 16, "batch_size": 64, "learning_rate": 0.001, "p_schedule": 1.0, "use_dropout": false, "size_val": 0.1, "accuracy": 0.7910000085830688, "training_time": 888.4202978610992, "testing_time": 4.509479522705078, "model_file": "LTN_final_5_100_64_0.001_1.0_False_0.1"}
{"algorithm": "LTN", "seed": 6, "nb_epochs": 18,