{"algorithm": "LTN", "seed": 0, "nb_epochs": 3, "batch_size": 16, "learning_rate": 0.001, "p_schedule": 1.0, "use_dropout": true, "size_val": 0.1, "accuracy": 0.7734000086784363, "training_time": 152.05088663101196, "testing_time": 4.403523206710815, "model_file": "LTN_final_0_3_16_0.001_1.0_True_0.1"}
{"algorithm": "LTN", "seed": 1, "nb_epochs": 3, "batch_size": 16, "learning_rate": 0.001, "p_schedule": 1.0, "use_dropout": true, "size_val": 0.1, "accuracy": 0.76419997215271, "training_time": 153.06928634643555, "testing_time": 4.03848934173584, "model_file": "LTN_final_1_3_16_0.001_1.0_True_0.1"}
{"algorithm": "LTN", "seed": 2, "nb_epochs": 3, "batch_size": 16, "learning_rate": 0.001, "p_schedule": 1.0, "use_dropout": true, "size_val": 0.1, "accuracy": 0.7753999829292297, "training_time": 153.09351992607117, "testing_time": 3.7718334197998047, "model_file": "LTN_final_2_3_16_0.001_1.0_True_0.1"}
{"algorithm": "LTN", "seed": 3, "nb_epochs": 3, "batch_size": 16, "learning_rate": 0.001, "p_schedule": 1.0, "use_dropout": true, "size_val": 0.1, "accuracy": 0.9581999778747559, "training_time": 152.71675038337708, "testing_time": 4.321225166320801, "model_file": "LTN_final_3_3_16_0.001_1.0_True_0.1"}
{"algorithm": "LTN", "seed": 4, "nb_epochs": 3, "batch_size": 16, "learning_rate": 0.001, "p_schedule": 1.0, "use_dropout": true, "size_val": 0.1, "accuracy": 0.9584000110626221, "training_time": 153.51963472366333, "testing_time": 4.0641632080078125, "model_file": "LTN_final_4_3_16_0.001_1.0_True_0.1"}
{"algorithm": "LTN", "seed": 5, "nb_epochs": 3, "batch_size": 16, "learning_rate": 0.001, "p_schedule": 1.0, "use_dropout": true, "size_val": 0.1, "accuracy": 0.949400007724762, "training_time": 153.20226192474365, "testing_time": 3.485934257507324, "model_file": "LTN_final_5_3_16_0.001_1.0_True_0.1"}
{"algorithm": "LTN", "seed": 6, "nb_epochs": 3, "batch_size": 16, "learning_rate": 0.001, "p_schedule": 1.0, "use_dropout": true, "size_val": 0.1, "accuracy": 0.9513999819755554, "training_time": 153.02264714241028, "testing_time": 3.6431283950805664, "model_file": "LTN_final_6_3_16_0.001_1.0_True_0.1"}
{"algorithm": "LTN", "seed": 7, "nb_epochs": 3, "batch_size": 16, "learning_rate": 0.001, "p_schedule": 1.0, "use_dropout": true, "size_val": 0.1, "accuracy": 0.626800000667572, "training_time": 153.2590937614441, "testing_time": 4.051882743835449, "model_file": "LTN_final_7_3_16_0.001_1.0_True_0.1"}
{"algorithm": "LTN", "seed": 8, "nb_epochs": 3, "batch_size": 16, "learning_rate": 0.001, "p_schedule": 1.0, "use_dropout": true, "size_val": 0.1, "accuracy": 0.6452000141143799, "training_time": 153.42780232429504, "testing_time": 3.5932748317718506, "model_file": "LTN_final_8_3_16_0.001_1.0_True_0.1"}
{"algorithm": "LTN", "seed": 9, "nb_epochs": 3, "batch_size": 16, "learning_rate": 0.001, "p_schedule": 1.0, "use_dropout": true, "size_val": 0.1, "accuracy": 0.6323999762535095, "training_time": 153.11848211288452, "testing_time": 3.98593807220459, "model_file": "LTN_final_9_3_16_0.001_1.0_True_0.1"}
