{"algorithm": "LTN", "seed": 0, "nb_epochs": 13, "batch_size": 64, "learning_rate": 0.001, "p_forall": 2, "p_exists": 1, "dropout_rate": 0, "size_val": 0.1, "accuracy": 0.9684000015258789, "training_time": 726.4528121948242, "testing_time": 4.138256549835205, "model_file": "label_noise_0/LTN_final_0_100_64_0.001_2_1_0_0.1"}
{"algorithm": "LTN", "seed": 1, "nb_epochs": 13, "batch_size": 64, "learning_rate": 0.001, "p_forall": 2, "p_exists": 1, "dropout_rate": 0, "size_val": 0.1, "accuracy": 0.9714000225067139, "training_time": 730.1876471042633, "testing_time": 3.594409942626953, "model_file": "label_noise_0/LTN_final_1_100_64_0.001_2_1_0_0.1"}
{"algorithm": "LTN", "seed": 2, "nb_epochs": 6, "batch_size": 64, "learning_rate": 0.001, "p_forall": 2, "p_exists": 1, "dropout_rate": 0, "size_val": 0.1, "accuracy": 0.9624000191688538, "training_time": 409.9458727836609, "testing_time": 3.3376941680908203, "model_file": "label_noise_0/LTN_final_2_100_64_0.001_2_1_0_0.1"}
{"algorithm": "LTN", "seed": 3, "nb_epochs": 22, "batch_size": 64, "learning_rate": 0.001, "p_forall": 2, "p_exists": 1, "dropout_rate": 0, "size_val": 0.1, "accuracy": 0.7940000295639038, "training_time": 1138.55011677742, "testing_time": 4.298954248428345, "model_file": "label_noise_0/LTN_final_3_100_64_0.001_2_1_0_0.1"}
{"algorithm": "LTN", "seed": 4, "nb_epochs": 10, "batch_size": 64, "learning_rate": 0.001, "p_forall": 2, "p_exists": 1, "dropout_rate": 0, "size_val": 0.1, "accuracy": 0.6230000257492065, "training_time": 592.4817473888397, "testing_time": 4.247814655303955, "model_file": "label_noise_0/LTN_final_4_100_64_0.001_2_1_0_0.1"}
{"algorithm": "LTN", "seed": 5, "nb_epochs": 16, "batch_size": 64, "learning_rate": 0.001, "p_forall": 2, "p_exists": 1, "dropout_rate": 0, "size_val": 0.1, "accuracy": 0.7910000085830688, "training_time": 866.5551164150238, "testing_time": 4.00160551071167, "model_file": "label_noise_0/LTN_final_5_100_64_0.001_2_1_0_0.1"}
{"algorithm": "LTN", "seed": 6, "nb_epochs": 18, "batch_size": 64, "learning_rate": 0.001, "p_forall": 2, "p_exists": 1, "dropout_rate": 0, "size_val": 0.1, "accuracy": 0.9764000177383423, "training_time": 958.4108681678772, "testing_time": 4.155505418777466, "model_file": "label_noise_0/LTN_final_6_100_64_0.001_2_1_0_0.1"}
{"algorithm": "LTN", "seed": 7, "nb_epochs": 14, "batch_size": 64, "learning_rate": 0.001, "p_forall": 2, "p_exists": 1, "dropout_rate": 0, "size_val": 0.1, "accuracy": 0.6388000249862671, "training_time": 773.9512014389038, "testing_time": 4.24345326423645, "model_file": "label_noise_0/LTN_final_7_100_64_0.001_2_1_0_0.1"}
{"algorithm": "LTN", "seed": 8, "nb_epochs": 14, "batch_size": 64, "learning_rate": 0.001, "p_forall": 2, "p_exists": 1, "dropout_rate": 0, "size_val": 0.1, "accuracy": 0.9751999974250793, "training_time": 775.0886476039886, "testing_time": 4.099942684173584, "model_file": "label_noise_0/LTN_final_8_100_64_0.001_2_1_0_0.1"}
{"algorithm": "LTN", "seed": 9, "nb_epochs": 8, "batch_size": 64, "learning_rate": 0.001, "p_forall": 2, "p_exists": 1, "dropout_rate": 0, "size_val": 0.1, "accuracy": 0.6471999883651733, "training_time": 501.00913190841675, "testing_time": 3.338144063949585, "model_file": "label_noise_0/LTN_final_9_100_64_0.001_2_1_0_0.1"}
