{"algorithm": "NN", "seed": 0, "nb_epochs": 10, "batch_size": 64, "learning_rate": 0.001, "use_dropout": true, "accuracies": [0.6952789699570815, 0.7296137339055794, 0.7081545064377682, 0.7081545064377682, 0.7553648068669528, 0.7639484978540773, 0.6781115879828327, 0.6508620689655172, 0.6896551724137931, 0.6982758620689655], "avg_accuracy": 0.7077419712890335, "model_files_dir": "NN_param_0_10_64_0.001_True"}
{"algorithm": "NN", "seed": 0, "nb_epochs": 10, "batch_size": 128, "learning_rate": 0.001, "use_dropout": true, "accuracies": [0.6652360515021459, 0.6866952789699571, 0.7124463519313304, 0.6909871244635193, 0.7639484978540773, 0.7467811158798283, 0.6995708154506438, 0.6422413793103449, 0.6896551724137931, 0.7068965517241379], "avg_accuracy": 0.7004458339499778, "model_files_dir": "NN_param_0_10_128_0.001_True"}
{"algorithm": "NN", "seed": 0, "nb_epochs": 5, "batch_size": 4, "learning_rate": 0.001, "use_dropout": true, "accuracies": [0.6523605150214592, 0.721030042918455, 0.6995708154506438, 0.6952789699570815, 0.721030042918455, 0.7081545064377682, 0.6652360515021459, 0.6810344827586207, 0.7327586206896551, 0.6939655172413793], "avg_accuracy": 0.6970419564895664, "model_files_dir": "NN_param_0_5_4_0.001_True"}
{"algorithm": "NN", "seed": 0, "nb_epochs": 10, "batch_size": 4, "learning_rate": 0.001, "use_dropout": true, "accuracies": [0.6866952789699571, 0.6995708154506438, 0.6824034334763949, 0.7081545064377682, 0.759656652360515, 0.7081545064377682, 0.7124463519313304, 0.6681034482758621, 0.6896551724137931, 0.6853448275862069], "avg_accuracy": 0.7000184993340239, "model_files_dir": "NN_param_0_10_4_0.001_True"}
{"algorithm": "NN", "seed": 0, "nb_epochs": 15, "batch_size": 8, "learning_rate": 0.001, "use_dropout": true, "accuracies": [0.6695278969957081, 0.6995708154506438, 0.703862660944206, 0.6824034334763949, 0.7510729613733905, 0.7253218884120172, 0.6566523605150214, 0.6637931034482759, 0.6939655172413793, 0.6508620689655172], "avg_accuracy": 0.6897032706822553, "model_files_dir": "NN_param_0_15_8_0.001_True"}
{"algorithm": "NN", "seed": 0, "nb_epochs": 15, "batch_size": 4, "learning_rate": 0.001, "use_dropout": false, "accuracies": [0.6781115879828327, 0.6695278969957081, 0.6824034334763949, 0.6995708154506438, 0.7510729613733905, 0.6824034334763949, 0.7339055793991416, 0.6336206896551724, 0.6982758620689655, 0.7198275862068966], "avg_accuracy": 0.694871984608554, "model_files_dir": "NN_param_0_15_4_0.001_False"}
{"algorithm": "NN", "seed": 0, "nb_epochs": 10, "batch_size": 64, "learning_rate": 0.001, "use_dropout": false, "accuracies": [0.6866952789699571, 0.6652360515021459, 0.6952789699570815, 0.7167381974248928, 0.7167381974248928, 0.7467811158798283, 0.6652360515021459, 0.6637931034482759, 0.7068965517241379, 0.6939655172413793], "avg_accuracy": 0.6957359035074736, "model_files_dir": "NN_param_0_10_64_0.001_False"}
{"algorithm": "NN", "seed": 0, "nb_epochs": 10, "batch_size": 8, "learning_rate": 0.001, "use_dropout": false, "accuracies": [0.648068669527897, 0.7081545064377682, 0.6866952789699571, 0.6995708154506438, 0.7682403433476395, 0.7339055793991416, 0.6523605150214592, 0.6422413793103449, 0.6681034482758621, 0.6982758620689655], "avg_accuracy": 0.690561639780968, "model_files_dir": "NN_param_0_10_8_0.001_False"}
{"algorithm": "NN", "seed": 0, "nb_epochs": 15, "batch_size": 4, "learning_rate": 0.001, "use_dropout": true, "accuracies": [0.6952789699570815, 0.7253218884120172, 0.7081545064377682, 0.6952789699570815, 0.7339055793991416, 0.7296137339055794, 0.6695278969957081, 0.6379310344827587, 0.7025862068965517, 0.6810344827586207], "avg_accuracy": 0.6978633269202309, "model_files_dir": "NN_param_0_15_4_0.001_True"}
{"algorithm": "NN", "seed": 0, "nb_epochs": 10, "batch_size": 32, "learning_rate": 0.001, "use_dropout": true, "accuracies": [0.6609442060085837, 0.6866952789699571, 0.6866952789699571, 0.7339055793991416, 0.7510729613733905, 0.7253218884120172, 0.6738197424892703, 0.646551724137931, 0.7155172413793104, 0.6810344827586207], "avg_accuracy": 0.696155838389818, "model_files_dir": "NN_param_0_10_32_0.001_True"}
