{"algorithm": "SL", "seed": 0, "nb_epochs": 4, "batch_size": 32, "learning_rate": 0.001, "dropout_rate": 0, "size_val": 0.1, "accuracy": 0.9596, "training_time": 1299.1650867462158, "testing_time": 4.674394369125366, "model_file": "SL_final_0.25_0_100_32_0.001_0"}
{"algorithm": "SL", "seed": 1, "nb_epochs": 8, "batch_size": 32, "learning_rate": 0.001, "dropout_rate": 0, "size_val": 0.1, "accuracy": 0.9674, "training_time": 1993.4645159244537, "testing_time": 4.811699628829956, "model_file": "SL_final_0.25_1_100_32_0.001_0"}
{"algorithm": "SL", "seed": 2, "nb_epochs": 9, "batch_size": 32, "learning_rate": 0.001, "dropout_rate": 0, "size_val": 0.1, "accuracy": 0.9664, "training_time": 2196.331468105316, "testing_time": 4.789123773574829, "model_file": "SL_final_0.25_2_100_32_0.001_0"}
{"algorithm": "SL", "seed": 3, "nb_epochs": 8, "batch_size": 32, "learning_rate": 0.001, "dropout_rate": 0, "size_val": 0.1, "accuracy": 0.9686, "training_time": 2005.0612111091614, "testing_time": 4.773710250854492, "model_file": "SL_final_0.25_3_100_32_0.001_0"}
{"algorithm": "SL", "seed": 4, "nb_epochs": 5, "batch_size": 32, "learning_rate": 0.001, "dropout_rate": 0, "size_val": 0.1, "accuracy": 0.9594, "training_time": 1465.4092264175415, "testing_time": 4.857271671295166, "model_file": "SL_final_0.25_4_100_32_0.001_0"}
{"algorithm": "SL", "seed": 5, "nb_epochs": 6, "batch_size": 32, "learning_rate": 0.001, "dropout_rate": 0, "size_val": 0.1, "accuracy": 0.9654, "training_time": 1650.1724367141724, "testing_time": 4.789734840393066, "model_file": "SL_final_0.25_5_100_32_0.001_0"}
{"algorithm": "SL", "seed": 6, "nb_epochs": 8, "batch_size": 32, "learning_rate": 0.001, "dropout_rate": 0, "size_val": 0.1, "accuracy": 0.954, "training_time": 2001.8631463050842, "testing_time": 4.804509878158569, "model_file": "SL_final_0.25_6_100_32_0.001_0"}
{"algorithm": "SL", "seed": 7, "nb_epochs": 11, "batch_size": 32, "learning_rate": 0.001, "dropout_rate": 0, "size_val": 0.1, "accuracy": 0.9698, "training_time": 2569.5512430667877, "testing_time": 4.8622846603393555, "model_file": "SL_final_0.25_7_100_32_0.001_0"}
{"algorithm": "SL", "seed": 8, "nb_epochs": 11, "batch_size": 32, "learning_rate": 0.001, "dropout_rate": 0, "size_val": 0.1, "accuracy": 0.9652, "training_time": 2574.5899147987366, "testing_time": 4.922913551330566, "model_file": "SL_final_0.25_8_100_32_0.001_0"}
{"algorithm": "SL", "seed": 9, "nb_epochs": 7, "batch_size": 32, "learning_rate": 0.001, "dropout_rate": 0, "size_val": 0.1, "accuracy": 0.9582, "training_time": 1832.856943845749, "testing_time": 4.850401401519775, "model_file": "SL_final_0.25_9_100_32_0.001_0"}
