{"algorithm": "NN", "seed": 0, "nb_epochs": 10, "batch_size": 64, "learning_rate": 0.001, "use_dropout": true, "accuracies": [0.46166666666666667, 0.461, 0.442, 0.412, 0.475, 0.098, 0.4766666666666667, 0.43733333333333335, 0.44433333333333336, 0.4523333333333333], "avg_accuracy": 0.4160333333333333, "model_files_dir": "NN_param_0_10_64_0.001_True"}
{"algorithm": "NN", "seed": 0, "nb_epochs": 10, "batch_size": 128, "learning_rate": 0.001, "use_dropout": true, "accuracies": [0.422, 0.5093333333333333, 0.4053333333333333, 0.3626666666666667, 0.413, 0.395, 0.4176666666666667, 0.38, 0.4806666666666667, 0.38266666666666665], "avg_accuracy": 0.4168333333333333, "model_files_dir": "NN_param_0_10_128_0.001_True"}
{"algorithm": "NN", "seed": 0, "nb_epochs": 5, "batch_size": 4, "learning_rate": 0.001, "use_dropout": true, "accuracies": [0.5666666666666667, 0.42233333333333334, 0.42833333333333334, 0.41233333333333333, 0.41933333333333334, 0.4533333333333333, 0.456, 0.5556666666666666, 0.36666666666666664, 0.44566666666666666], "avg_accuracy": 0.45263333333333333, "model_files_dir": "NN_param_0_5_4_0.001_True"}
{"algorithm": "NN", "seed": 0, "nb_epochs": 10, "batch_size": 4, "learning_rate": 0.001, "use_dropout": true, "accuracies": [0.5833333333333334, 0.417, 0.09733333333333333, 0.5036666666666667, 0.473, 0.49166666666666664, 0.461, 0.38, 0.3913333333333333, 0.473], "avg_accuracy": 0.42713333333333325, "model_files_dir": "NN_param_0_10_4_0.001_True"}
{"algorithm": "NN", "seed": 0, "nb_epochs": 15, "batch_size": 8, "learning_rate": 0.001, "use_dropout": true, "accuracies": [0.533, 0.5506666666666666, 0.3576666666666667, 0.5396666666666666, 0.527, 0.525, 0.6213333333333333, 0.565, 0.5416666666666666, 0.549], "avg_accuracy": 0.531, "model_files_dir": "NN_param_0_15_8_0.001_True"}
{"algorithm": "NN", "seed": 0, "nb_epochs": 15, "batch_size": 4, "learning_rate": 0.001, "use_dropout": false, "accuracies": [0.5446666666666666, 0.49366666666666664, 0.09733333333333333, 0.091, 0.52, 0.5263333333333333, 0.43566666666666665, 0.4786666666666667, 0.5363333333333333, 0.511], "avg_accuracy": 0.42346666666666666, "model_files_dir": "NN_param_0_15_4_0.001_False"}
{"algorithm": "NN", "seed": 0, "nb_epochs": 10, "batch_size": 64, "learning_rate": 0.001, "use_dropout": false, "accuracies": [0.447, 0.481, 0.41533333333333333, 0.4266666666666667, 0.42766666666666664, 0.3913333333333333, 0.504, 0.49133333333333334, 0.515, 0.44733333333333336], "avg_accuracy": 0.45466666666666666, "model_files_dir": "NN_param_0_10_64_0.001_False"}
{"algorithm": "NN", "seed": 0, "nb_epochs": 10, "batch_size": 8, "learning_rate": 0.001, "use_dropout": false, "accuracies": [0.558, 0.523, 0.45666666666666667, 0.481, 0.528, 0.5563333333333333, 0.5793333333333334, 0.591, 0.506, 0.5333333333333333], "avg_accuracy": 0.5312666666666667, "model_files_dir": "NN_param_0_10_8_0.001_False"}
{"algorithm": "NN", "seed": 0, "nb_epochs": 15, "batch_size": 4, "learning_rate": 0.001, "use_dropout": true, "accuracies": [0.5843333333333334, 0.5053333333333333, 0.4613333333333333, 0.5563333333333333, 0.514, 0.49133333333333334, 0.44133333333333336, 0.425, 0.098, 0.4623333333333333], "avg_accuracy": 0.45393333333333336, "model_files_dir": "NN_param_0_15_4_0.001_True"}
{"algorithm": "NN", "seed": 0, "nb_epochs": 10, "batch_size": 32, "learning_rate": 0.001, "use_dropout": true, "accuracies": [0.4256666666666667, 0.531, 0.5163333333333333, 0.4703333333333333, 0.5226666666666666, 0.5056666666666667, 0.5276666666666666, 0.526, 0.098, 0.49433333333333335], "avg_accuracy": 0.46176666666666666, "model_files_dir": "NN_param_0_10_32_0.001_True"}
