{"algorithm": "NN", "seed": 0, "nb_epochs": 10, "batch_size": 64, "learning_rate": 0.001, "use_dropout": true, "accuracies": [0.46166666666666667, 0.461, 0.442, 0.412, 0.475, 0.098, 0.4766666666666667, 0.43733333333333335, 0.44433333333333336, 0.4523333333333333], "avg_accuracy": 0.4160333333333333, "model_files_dir": "NN_param_0_10_64_0.001_True"}
{"algorithm": "NN", "seed": 0, "nb_epochs": 10, "batch_size": 128, "learning_rate": 0.001, "use_dropout": true, "accuracies": [0.422, 0.5093333333333333, 0.4053333333333333, 0.3626666666666667, 0.413, 0.395, 0.4176666666666667, 0.38, 0.4806666666666667, 0.38266666666666665], "avg_accuracy": 0.4168333333333333, "model_files_dir": "NN_param_0_10_128_0.001_True"}
{"algorithm": "NN", "seed": 0, "nb_epochs": 5, "batch_size": 4, "learning_rate": 0.001, "use_dropout": true, "accuracies": [0.5666666666666667, 0.42233333333333334, 0.42833333333333334, 0.41233333333333333, 0.41933333333333334, 0.4533333333333333, 0.456, 0.5556666666666666, 0.36666666666666664, 0.44566666666666666], "avg_accuracy": 0.45263333333333333, "model_files_dir": "NN_param_0_5_4_0.001_True"}
{"algorithm": "NN", "seed": 0, "nb_epochs": 10, "batch_size": 4, "learning_rate": 0.001, "use_dropout": true, "accuracies": [0.5833333333333334, 0.417, 0.09733333333333333, 0.5036666666666667, 0.473, 0.49166666666666664, 0.461, 0.38, 0.3913333333333333, 0.473], "avg_accuracy": 0.42713333333333325, "model_files_dir": "NN_param_0_10_4_0.001_True"}
