{"algorithm": "LTN", "seed": 0, "nb_epochs": 10, "batch_size": 64, "learning_rate": 0.001, "p_schedule": 1.0, "use_dropout": false, "size_val": 0.1, "accuracy": 0.8050000071525574, "training_time": 697.7639076709747, "testing_time": 20.47232723236084, "model_file": "label_noise_0.1/LTN_final_0_100_64_0.001_1.0_False_0.1"}
{"algorithm": "LTN", "seed": 1, "nb_epochs": 11, "batch_size": 64, "learning_rate": 0.001, "p_schedule": 1.0, "use_dropout": false, "size_val": 0.1, "accuracy": 0.9682000279426575, "training_time": 766.5035440921783, "testing_time": 20.471996545791626, "model_file": "label_noise_0.1/LTN_final_1_100_64_0.001_1.0_False_0.1"}
{"algorithm": "LTN", "seed": 2, "nb_epochs": 24, "batch_size": 64, "learning_rate": 0.001, "p_schedule": 1.0, "use_dropout": false, "size_val": 0.1, "accuracy": 0.9764000177383423, "training_time": 1500.3809571266174, "testing_time": 20.47462773323059, "model_file": "label_noise_0.1/LTN_final_2_100_64_0.001_1.0_False_0.1"}
{"algorithm": "LTN", "seed": 3, "nb_epochs": 11, "batch_size": 64, "learning_rate": 0.001, "p_schedule": 1.0, "use_dropout": false, "size_val": 0.1, "accuracy": 0.6309999823570251, "training_time": 798.434948682785, "testing_time": 20.473000288009644, "model_file": "label_noise_0.1/LTN_final_3_100_64_0.001_1.0_False_0.1"}
{"algorithm": "LTN", "seed": 4, "nb_epochs": 10, "batch_size": 64, "learning_rate": 0.001, "p_schedule": 1.0, "use_dropout": false, "size_val": 0.1, "accuracy": 0.9793999791145325, "training_time": 730.9916346073151, "testing_time": 13.31300163269043, "model_file": "label_noise_0.1/LTN_final_4_100_64_0.001_1.0_False_0.1"}
{"algorithm": "LTN", "seed": 5, "nb_epochs": 9, "batch_size": 64, "learning_rate": 0.001, "p_schedule": 1.0, "use_dropout": false, "size_val": 0.1, "accuracy": 0.48399999737739563, "training_time": 689.6032073497772, "testing_time": 20.473295211791992, "model_file": "label_noise_0.1/LTN_final_5_100_64_0.001_1.0_False_0.1"}
{"algorithm": "LTN", "seed": 6, "nb_epochs": 12, "batch_size": 64, "learning_rate": 0.001, "p_schedule": 1.0, "use_dropout": false, "size_val": 0.1, "accuracy": 0.9685999751091003, "training_time": 790.1023621559143, "testing_time": 20.47245693206787, "model_file": "label_noise_0.1/LTN_final_6_100_64_0.001_1.0_False_0.1"}
{"algorithm": "LTN", "seed": 7, "nb_epochs": 21, "batch_size": 64, "learning_rate": 0.001, "p_schedule": 1.0, "use_dropout": false, "size_val": 0.1, "accuracy": 0.7835999727249146, "training_time": 1343.6160762310028, "testing_time": 20.477728605270386, "model_file": "label_noise_0.1/LTN_final_7_100_64_0.001_1.0_False_0.1"}
{"algorithm": "LTN", "seed": 8, "nb_epochs": 20, "batch_size": 64, "learning_rate": 0.001, "p_schedule": 1.0, "use_dropout": false, "size_val": 0.1, "accuracy": 0.9787999987602234, "training_time": 1282.8847086429596, "testing_time": 20.47341823577881, "model_file": "label_noise_0.1/LTN_final_8_100_64_0.001_1.0_False_0.1"}
{"algorithm": "LTN", "seed": 9, "nb_epochs": 14, "batch_size": 64, "learning_rate": 0.001, "p_schedule": 1.0, "use_dropout": false, "size_val": 0.1, "accuracy": 0.7842000126838684, "training_time": 928.6588516235352, "testing_time": 14.66257119178772, "model_file": "label_noise_0.1/LTN_final_9_100_64_0.001_1.0_False_0.1"}
