{"algorithm": "LTN", "seed": 0, "nb_epochs": 10, "batch_size": 64, "learning_rate": 0.001, "p_forall": 2, "p_exists": 1, "dropout_rate": 0, "size_val": 0.1, "accuracy": 0.8050000071525574, "training_time": 1499.3012714385986, "testing_time": 59.70493030548096, "model_file": "label_noise_0.1/LTN_final_0_100_64_0.001_2_1_0_0.1"}
{"algorithm": "LTN", "seed": 1, "nb_epochs": 11, "batch_size": 64, "learning_rate": 0.001, "p_forall": 2, "p_exists": 1, "dropout_rate": 0, "size_val": 0.1, "accuracy": 0.9682000279426575, "training_time": 1594.9830026626587, "testing_time": 81.94498372077942, "model_file": "label_noise_0.1/LTN_final_1_100_64_0.001_2_1_0_0.1"}
{"algorithm": "LTN", "seed": 2, "nb_epochs": 24, "batch_size": 64, "learning_rate": 0.001, "p_forall": 2, "p_exists": 1, "dropout_rate": 0, "size_val": 0.1, "accuracy": 0.9764000177383423, "training_time": 3040.952764749527, "testing_time": 71.87061357498169, "model_file": "label_noise_0.1/LTN_final_2_100_64_0.001_2_1_0_0.1"}
{"algorithm": "LTN", "seed": 3, "nb_epochs": 11, "batch_size": 64, "learning_rate": 0.001, "p_forall": 2, "p_exists": 1, "dropout_rate": 0, "size_val": 0.1, "accuracy": 0.6309999823570251, "training_time": 1610.9744045734406, "testing_time": 60.56769132614136, "model_file": "label_noise_0.1/LTN_final_3_100_64_0.001_2_1_0_0.1"}
{"algorithm": "LTN", "seed": 4, "nb_epochs": 10, "batch_size": 64, "learning_rate": 0.001, "p_forall": 2, "p_exists": 1, "dropout_rate": 0, "size_val": 0.1, "accuracy": 0.9793999791145325, "training_time": 1505.4334127902985, "testing_time": 60.94157838821411, "model_file": "label_noise_0.1/LTN_final_4_100_64_0.001_2_1_0_0.1"}
{"algorithm": "LTN", "seed": 5, "nb_epochs": 9, "batch_size": 64, "learning_rate": 0.001, "p_forall": 2, "p_exists": 1, "dropout_rate": 0, "size_val": 0.1, "accuracy": 0.48399999737739563, "training_time": 1339.1578290462494, "testing_time": 59.189066648483276, "model_file": "label_noise_0.1/LTN_final_5_100_64_0.001_2_1_0_0.1"}
{"algorithm": "LTN", "seed": 6, "nb_epochs": 12, "batch_size": 64, "learning_rate": 0.001, "p_forall": 2, "p_exists": 1, "dropout_rate": 0, "size_val": 0.1, "accuracy": 0.9685999751091003, "training_time": 1719.392825126648, "testing_time": 62.590728521347046, "model_file": "label_noise_0.1/LTN_final_6_100_64_0.001_2_1_0_0.1"}
{"algorithm": "LTN", "seed": 7, "nb_epochs": 21, "batch_size": 64, "learning_rate": 0.001, "p_forall": 2, "p_exists": 1, "dropout_rate": 0, "size_val": 0.1, "accuracy": 0.7835999727249146, "training_time": 2759.9644651412964, "testing_time": 60.35228419303894, "model_file": "label_noise_0.1/LTN_final_7_100_64_0.001_2_1_0_0.1"}
{"algorithm": "LTN", "seed": 8, "nb_epochs": 20, "batch_size": 64, "learning_rate": 0.001, "p_forall": 2, "p_exists": 1, "dropout_rate": 0, "size_val": 0.1, "accuracy": 0.9787999987602234, "training_time": 2650.8295845985413, "testing_time": 60.9450101852417, "model_file": "label_noise_0.1/LTN_final_8_100_64_0.001_2_1_0_0.1"}
{"algorithm": "LTN", "seed": 9, "nb_epochs": 14, "batch_size": 64, "learning_rate": 0.001, "p_forall": 2, "p_exists": 1, "dropout_rate": 0, "size_val": 0.1, "accuracy": 0.7842000126838684, "training_time": 1938.3663368225098, "testing_time": 66.1523973941803, "model_file": "label_noise_0.1/LTN_final_9_100_64_0.001_2_1_0_0.1"}
