{"algorithm": "SL", "seed": 0, "nb_epochs": 3, "batch_size": 8, "learning_rate": 0.001, "use_dropout": true, "accuracies": [0.959, 0.956, 0.9503333333333334, 0.96, 0.965, 0.9586666666666667, 0.96, 0.958, 0.9513333333333334, 0.9533333333333334], "avg_accuracy": 0.9571666666666667, "model_files_dir": "SL_param_0_3_8_0.001_True"}
{"algorithm": "SL", "seed": 0, "nb_epochs": 5, "batch_size": 32, "learning_rate": 0.001, "use_dropout": true, "accuracies": [0.9583333333333334, 0.9453333333333334, 0.9603333333333334, 0.971, 0.9636666666666667, 0.9613333333333334, 0.9676666666666667, 0.9583333333333334, 0.9666666666666667, 0.9576666666666667], "avg_accuracy": 0.9610333333333332, "model_files_dir": "SL_param_0_5_32_0.001_True"}
{"algorithm": "SL", "seed": 0, "nb_epochs": 3, "batch_size": 16, "learning_rate": 0.001, "use_dropout": true, "accuracies": [0.95, 0.9456666666666667, 0.9513333333333334, 0.9666666666666667, 0.96, 0.952, 0.9636666666666667, 0.9533333333333334, 0.9583333333333334, 0.963], "avg_accuracy": 0.9564, "model_files_dir": "SL_param_0_3_16_0.001_True"}
{"algorithm": "SL", "seed": 0, "nb_epochs": 1, "batch_size": 4, "learning_rate": 0.001, "use_dropout": true, "accuracies": [0.9293333333333333, 0.9283333333333333, 0.9403333333333334, 0.9446666666666667, 0.9383333333333334, 0.9376666666666666, 0.927, 0.9306666666666666, 0.9403333333333334, 0.9246666666666666], "avg_accuracy": 0.9341333333333335, "model_files_dir": "SL_param_0_1_4_0.001_True"}
{"algorithm": "SL", "seed": 0, "nb_epochs": 2, "batch_size": 16, "learning_rate": 0.001, "use_dropout": true, "accuracies": [0.9393333333333334, 0.948, 0.9446666666666667, 0.9523333333333334, 0.951, 0.9476666666666667, 0.9546666666666667, 0.946, 0.9436666666666667, 0.944], "avg_accuracy": 0.9471333333333334, "model_files_dir": "SL_param_0_2_16_0.001_True"}
{"algorithm": "SL", "seed": 0, "nb_epochs": 4, "batch_size": 4, "learning_rate": 0.001, "use_dropout": true, "accuracies": [0.957, 0.9596666666666667, 0.9586666666666667, 0.972, 0.9623333333333334, 0.9586666666666667, 0.9636666666666667, 0.962, 0.9573333333333334, 0.9626666666666667], "avg_accuracy": 0.9614, "model_files_dir": "SL_param_0_4_4_0.001_True"}
{"algorithm": "SL", "seed": 0, "nb_epochs": 4, "batch_size": 2, "learning_rate": 0.001, "use_dropout": false, "accuracies": [0.957, 0.939, 0.9556666666666667, 0.9596666666666667, 0.966, 0.952, 0.951, 0.947, 0.9336666666666666, 0.9493333333333334], "avg_accuracy": 0.9510333333333334, "model_files_dir": "SL_param_0_4_2_0.001_False"}
{"algorithm": "SL", "seed": 0, "nb_epochs": 3, "batch_size": 8, "learning_rate": 0.001, "use_dropout": false, "accuracies": [0.959, 0.9443333333333334, 0.9506666666666667, 0.9563333333333334, 0.955, 0.9556666666666667, 0.9546666666666667, 0.9563333333333334, 0.9546666666666667, 0.948], "avg_accuracy": 0.9534666666666667, "model_files_dir": "SL_param_0_3_8_0.001_False"}
{"algorithm": "SL", "seed": 0, "nb_epochs": 2, "batch_size": 32, "learning_rate": 0.001, "use_dropout": false, "accuracies": [0.935, 0.9276666666666666, 0.9396666666666667, 0.9516666666666667, 0.9533333333333334, 0.9483333333333334, 0.9443333333333334, 0.9346666666666666, 0.9366666666666666, 0.939], "avg_accuracy": 0.9410333333333334, "model_files_dir": "SL_param_0_2_32_0.001_False"}
{"algorithm": "SL", "seed": 0, "nb_epochs": 4, "batch_size": 2, "learning_rate": 0.001, "use_dropout": true, "accuracies": [0.945, 0.9406666666666667, 0.9526666666666667, 0.96, 0.9586666666666667, 0.958, 0.9576666666666667, 0.9543333333333334, 0.9613333333333334, 0.966], "avg_accuracy": 0.9554333333333332, "model_files_dir": "SL_param_0_4_2_0.001_True"}
