{"algorithm": "SL", "seed": 0, "nb_epochs": 13, "batch_size": 32, "learning_rate": 0.001, "dropout_rate": 0, "size_val": 0.1, "accuracy": 0.7424, "training_time": 2272.1936345100403, "testing_time": 4.110399007797241, "model_file": "SL_final_0_0_100_32_0.001_0"}
{"algorithm": "SL", "seed": 1, "nb_epochs": 18, "batch_size": 32, "learning_rate": 0.001, "dropout_rate": 0, "size_val": 0.1, "accuracy": 0.7626, "training_time": 2932.627907514572, "testing_time": 4.3040502071380615, "model_file": "SL_final_0_1_100_32_0.001_0"}
{"algorithm": "SL", "seed": 2, "nb_epochs": 15, "batch_size": 32, "learning_rate": 0.001, "dropout_rate": 0, "size_val": 0.1, "accuracy": 0.7688, "training_time": 2952.989292860031, "testing_time": 5.440092325210571, "model_file": "SL_final_0_2_100_32_0.001_0"}
