{"algorithm": "LTN", "seed": 0, "nb_epochs": 6, "batch_size": 32, "learning_rate": 0.001, "p_forall": 2, "p_exists": 1, "dropout_rate": 0, "size_val": 0.1, "accuracy": 0.9624000191688538, "training_time": 435.02022767066956, "testing_time": 4.288793325424194, "model_file": "LTN_final_0_100_32_0.001_2_1_0_0.1"}
{"algorithm": "LTN", "seed": 1, "nb_epochs": 6, "batch_size": 32, "learning_rate": 0.001, "p_forall": 2, "p_exists": 1, "dropout_rate": 0, "size_val": 0.1, "accuracy": 0.6496000289916992, "training_time": 422.84861302375793, "testing_time": 4.10517954826355, "model_file": "LTN_final_1_100_32_0.001_2_1_0_0.1"}
