{"algorithm": "LTN", "seed": 0, "nb_epochs": 6, "batch_size": 32, "learning_rate": 0.001, "p_forall": 2, "p_exists": 1, "dropout_rate": 0, "size_val": 0.1, "accuracy": 0.9624000191688538, "training_time": 425.9716718196869, "testing_time": 3.859708309173584, "model_file": "LTN_final_0_100_32_0.001_2_1_0_0.1"}
{"algorithm": "LTN", "seed": 1, "nb_epochs": 5, "batch_size": 32, "learning_rate": 0.001, "p_forall": 2, "p_exists": 1, "dropout_rate": 0, "size_val": 0.1, "accuracy": 0.7965999841690063, "training_time": 374.32776069641113, "testing_time": 3.9096319675445557, "model_file": "LTN_final_1_100_32_0.001_2_1_0_0.1"}
{"algorithm": "LTN", "seed": 2, "nb_epochs": 13, "batch_size": 32, "learning_rate": 0.001, "p_forall": 2, "p_exists": 1, "dropout_rate": 0, "size_val": 0.1, "accuracy": 0.972000002861023, "training_time": 755.0119922161102, "testing_time": 3.951887369155884, "model_file": "LTN_final_2_100_32_0.001_2_1_0_0.1"}
{"algorithm": "LTN", "seed": 3, "nb_epochs": 16, "batch_size": 32, "learning_rate": 0.001, "p_forall": 2, "p_exists": 1, "dropout_rate": 0, "size_val": 0.1, "accuracy": 0.8026000261306763, "training_time": 898.6736268997192, "testing_time": 4.143883943557739, "model_file": "LTN_final_3_100_32_0.001_2_1_0_0.1"}
{"algorithm": "LTN", "seed": 4, "nb_epochs": 13, "batch_size": 32, "learning_rate": 0.001, "p_forall": 2, "p_exists": 1, "dropout_rate": 0, "size_val": 0.1, "accuracy": 0.9685999751091003, "training_time": 758.1928415298462, "testing_time": 3.9698636531829834, "model_file": "LTN_final_4_100_32_0.001_2_1_0_0.1"}
{"algorithm": "LTN", "seed": 5, "nb_epochs": 18, "batch_size": 32, "learning_rate": 0.001, "p_forall": 2, "p_exists": 1, "dropout_rate": 0, "size_val": 0.1, "accuracy": 0.9556000232696533, "training_time": 996.1716623306274, "testing_time": 3.9211137294769287, "model_file": "LTN_final_5_100_32_0.001_2_1_0_0.1"}
{"algorithm": "LTN", "seed": 6, "nb_epochs": 12, "batch_size": 32, "learning_rate": 0.001, "p_forall": 2, "p_exists": 1, "dropout_rate": 0, "size_val": 0.1, "accuracy": 0.9775999784469604, "training_time": 712.7457311153412, "testing_time": 3.90926456451416, "model_file": "LTN_final_6_100_32_0.001_2_1_0_0.1"}
{"algorithm": "LTN", "seed": 7, "nb_epochs": 13, "batch_size": 32, "learning_rate": 0.001, "p_forall": 2, "p_exists": 1, "dropout_rate": 0, "size_val": 0.1, "accuracy": 0.9729999899864197, "training_time": 762.7864396572113, "testing_time": 3.8068838119506836, "model_file": "LTN_final_7_100_32_0.001_2_1_0_0.1"}
{"algorithm": "LTN", "seed": 8, "nb_epochs": 8, "batch_size": 32, "learning_rate": 0.001, "p_forall": 2, "p_exists": 1, "dropout_rate": 0, "size_val": 0.1, "accuracy": 0.8033999800682068, "training_time": 524.1129078865051, "testing_time": 3.975365161895752, "model_file": "LTN_final_8_100_32_0.001_2_1_0_0.1"}
{"algorithm": "LTN", "seed": 9, "nb_epochs": 19, "batch_size": 32, "learning_rate": 0.001, "p_forall": 2, "p_exists": 1, "dropout_rate": 0, "size_val": 0.1, "accuracy": 0.7996000051498413, "training_time": 1050.8369946479797, "testing_time": 3.932237386703491, "model_file": "LTN_final_9_100_32_0.001_2_1_0_0.1"}
