{"algorithm": "LTN", "seed": 0, "nb_epochs": 21, "batch_size": 32, "learning_rate": 0.001, "p_forall": 2, "p_exists": 1, "dropout_rate": 0, "size_val": 0.1, "accuracy": 0.9503999948501587, "training_time": 2157.429383993149, "testing_time": 14.259154796600342, "model_file": "LTN_final_0_100_32_0.001_2_1_0_0.1"}
{"algorithm": "LTN", "seed": 1, "nb_epochs": 18, "batch_size": 32, "learning_rate": 0.001, "p_forall": 2, "p_exists": 1, "dropout_rate": 0, "size_val": 0.1, "accuracy": 0.6499999761581421, "training_time": 2044.917984008789, "testing_time": 14.341341257095337, "model_file": "LTN_final_1_100_32_0.001_2_1_0_0.1"}
{"algorithm": "LTN", "seed": 2, "nb_epochs": 7, "batch_size": 32, "learning_rate": 0.001, "p_forall": 2, "p_exists": 1, "dropout_rate": 0, "size_val": 0.1, "accuracy": 0.15060000121593475, "training_time": 940.2943425178528, "testing_time": 20.473432540893555, "model_file": "LTN_final_2_100_32_0.001_2_1_0_0.1"}
{"algorithm": "LTN", "seed": 3, "nb_epochs": 12, "batch_size": 32, "learning_rate": 0.001, "p_forall": 2, "p_exists": 1, "dropout_rate": 0, "size_val": 0.1, "accuracy": 0.41040000319480896, "training_time": 1509.5323481559753, "testing_time": 20.471894025802612, "model_file": "LTN_final_3_100_32_0.001_2_1_0_0.1"}
