{"algorithm": "LTN", "seed": 0, "nb_epochs": 6, "batch_size": 32, "learning_rate": 0.001, "p_forall": 2, "p_exists": 1, "dropout_rate": 0, "size_val": 0.1, "accuracy": 0.9624000191688538, "training_time": 432.6604018211365, "testing_time": 4.21910285949707, "model_file": "LTN_final_0_100_32_0.001_2_1_0_0.1"}
{"algorithm": "LTN", "seed": 1, "nb_epochs": 6, "batch_size": 32, "learning_rate": 0.001, "p_forall": 2, "p_exists": 1, "dropout_rate": 0, "size_val": 0.1, "accuracy": 0.6496000289916992, "training_time": 438.55276584625244, "testing_time": 4.274673223495483, "model_file": "LTN_final_1_100_32_0.001_2_1_0_0.1"}
{"algorithm": "LTN", "seed": 2, "nb_epochs": 9, "batch_size": 32, "learning_rate": 0.001, "p_forall": 2, "p_exists": 1, "dropout_rate": 0, "size_val": 0.1, "accuracy": 0.973800003528595, "training_time": 607.5520102977753, "testing_time": 4.501110553741455, "model_file": "LTN_final_2_100_32_0.001_2_1_0_0.1"}
{"algorithm": "LTN", "seed": 3, "nb_epochs": 12, "batch_size": 32, "learning_rate": 0.001, "p_forall": 2, "p_exists": 1, "dropout_rate": 0, "size_val": 0.1, "accuracy": 0.41040000319480896, "training_time": 1479.7044696807861, "testing_time": 20.47437882423401, "model_file": "LTN_final_3_100_32_0.001_2_1_0_0.1"}
{"algorithm": "LTN", "seed": 4, "nb_epochs": 20, "batch_size": 32, "learning_rate": 0.001, "p_forall": 2, "p_exists": 1, "dropout_rate": 0, "size_val": 0.1, "accuracy": 0.9588000178337097, "training_time": 2283.478996515274, "testing_time": 17.29064393043518, "model_file": "LTN_final_4_100_32_0.001_2_1_0_0.1"}
{"algorithm": "LTN", "seed": 5, "nb_epochs": 12, "batch_size": 32, "learning_rate": 0.001, "p_forall": 2, "p_exists": 1, "dropout_rate": 0, "size_val": 0.1, "accuracy": 0.3837999999523163, "training_time": 1463.9896779060364, "testing_time": 20.473154067993164, "model_file": "LTN_final_5_100_32_0.001_2_1_0_0.1"}
{"algorithm": "LTN", "seed": 6, "nb_epochs": 13, "batch_size": 32, "learning_rate": 0.001, "p_forall": 2, "p_exists": 1, "dropout_rate": 0, "size_val": 0.1, "accuracy": 0.640999972820282, "training_time": 1592.008471250534, "testing_time": 20.47294330596924, "model_file": "LTN_final_6_100_32_0.001_2_1_0_0.1"}
{"algorithm": "LTN", "seed": 7, "nb_epochs": 8, "batch_size": 32, "learning_rate": 0.001, "p_forall": 2, "p_exists": 1, "dropout_rate": 0, "size_val": 0.1, "accuracy": 0.07779999822378159, "training_time": 1074.4996013641357, "testing_time": 15.612856388092041, "model_file": "LTN_final_7_100_32_0.001_2_1_0_0.1"}
{"algorithm": "LTN", "seed": 8, "nb_epochs": 18, "batch_size": 32, "learning_rate": 0.001, "p_forall": 2, "p_exists": 1, "dropout_rate": 0, "size_val": 0.1, "accuracy": 0.6295999884605408, "training_time": 1987.5846161842346, "testing_time": 20.473478078842163, "model_file": "LTN_final_8_100_32_0.001_2_1_0_0.1"}
{"algorithm": "LTN", "seed": 9, "nb_epochs": 2, "batch_size": 32, "learning_rate": 0.001, "p_forall": 2, "p_exists": 1, "dropout_rate": 0, "size_val": 0.1, "accuracy": 0.038600001484155655, "training_time": 454.95712018013, "testing_time": 20.47347092628479, "model_file": "LTN_final_9_100_32_0.001_2_1_0_0.1"}
