{"algorithm": "LTN", "seed": 0, "nb_epochs": 21, "batch_size": 32, "learning_rate": 0.001, "p_forall": 2, "p_exists": 1, "dropout_rate": 0, "size_val": 0.1, "accuracy": 0.9503999948501587, "training_time": 2300.23419713974, "testing_time": 40.953320026397705, "model_file": "LTN_final_0_100_32_0.001_2_1_0_0.1"}
{"algorithm": "LTN", "seed": 1, "nb_epochs": 18, "batch_size": 32, "learning_rate": 0.001, "p_forall": 2, "p_exists": 1, "dropout_rate": 0, "size_val": 0.1, "accuracy": 0.6499999761581421, "training_time": 2626.273355960846, "testing_time": 17.121750354766846, "model_file": "LTN_final_1_100_32_0.001_2_1_0_0.1"}
{"algorithm": "LTN", "seed": 2, "nb_epochs": 7, "batch_size": 32, "learning_rate": 0.001, "p_forall": 2, "p_exists": 1, "dropout_rate": 0, "size_val": 0.1, "accuracy": 0.15060000121593475, "training_time": 1046.4854972362518, "testing_time": 15.97253131866455, "model_file": "LTN_final_2_100_32_0.001_2_1_0_0.1"}
{"algorithm": "LTN", "seed": 3, "nb_epochs": 12, "batch_size": 32, "learning_rate": 0.001, "p_forall": 2, "p_exists": 1, "dropout_rate": 0, "size_val": 0.1, "accuracy": 0.41040000319480896, "training_time": 1484.8315644264221, "testing_time": 20.4752254486084, "model_file": "LTN_final_3_100_32_0.001_2_1_0_0.1"}
{"algorithm": "LTN", "seed": 4, "nb_epochs": 20, "batch_size": 32, "learning_rate": 0.001, "p_forall": 2, "p_exists": 1, "dropout_rate": 0, "size_val": 0.1, "accuracy": 0.9588000178337097, "training_time": 2905.6147525310516, "testing_time": 25.093098640441895, "model_file": "LTN_final_4_100_32_0.001_2_1_0_0.1"}
{"algorithm": "LTN", "seed": 5, "nb_epochs": 12, "batch_size": 32, "learning_rate": 0.001, "p_forall": 2, "p_exists": 1, "dropout_rate": 0, "size_val": 0.1, "accuracy": 0.3837999999523163, "training_time": 1998.2435545921326, "testing_time": 40.953426361083984, "model_file": "LTN_final_5_100_32_0.001_2_1_0_0.1"}
{"algorithm": "LTN", "seed": 6, "nb_epochs": 13, "batch_size": 32, "learning_rate": 0.001, "p_forall": 2, "p_exists": 1, "dropout_rate": 0, "size_val": 0.1, "accuracy": 0.640999972820282, "training_time": 2140.303443670273, "testing_time": 30.10107135772705, "model_file": "LTN_final_6_100_32_0.001_2_1_0_0.1"}
{"algorithm": "LTN", "seed": 7, "nb_epochs": 8, "batch_size": 32, "learning_rate": 0.001, "p_forall": 2, "p_exists": 1, "dropout_rate": 0, "size_val": 0.1, "accuracy": 0.07779999822378159, "training_time": 1438.4342684745789, "testing_time": 40.95260000228882, "model_file": "LTN_final_7_100_32_0.001_2_1_0_0.1"}
{"algorithm": "LTN", "seed": 8, "nb_epochs": 18, "batch_size": 32, "learning_rate": 0.001, "p_forall": 2, "p_exists": 1, "dropout_rate": 0, "size_val": 0.1, "accuracy": 0.6295999884605408, "training_time": 2729.3647453784943, "testing_time": 40.95468211174011, "model_file": "LTN_final_8_100_32_0.001_2_1_0_0.1"}
{"algorithm": "LTN", "seed": 9, "nb_epochs": 2, "batch_size": 32, "learning_rate": 0.001, "p_forall": 2, "p_exists": 1, "dropout_rate": 0, "size_val": 0.1, "accuracy": 0.038600001484155655, "training_time": 645.8169107437134, "testing_time": 40.955188035964966, "model_file": "LTN_final_9_100_32_0.001_2_1_0_0.1"}
