{"algorithm": "LTN", "seed": 0, "nb_epochs": 21, "batch_size": 32, "learning_rate": 0.001, "p_forall": 2, "p_exists": 1, "dropout_rate": 0, "size_val": 0.1, "accuracy": 0.9503999948501587, "training_time": 3143.14670085907, "testing_time": 40.95569896697998, "model_file": "LTN_final_0_100_32_0.001_2_1_0_0.1"}
{"algorithm": "LTN", "seed": 1, "nb_epochs": 18, "batch_size": 32, "learning_rate": 0.001, "p_forall": 2, "p_exists": 1, "dropout_rate": 0, "size_val": 0.1, "accuracy": 0.6499999761581421, "training_time": 2715.4368760585785, "testing_time": 24.80076026916504, "model_file": "LTN_final_1_100_32_0.001_2_1_0_0.1"}
{"algorithm": "LTN", "seed": 2, "nb_epochs": 7, "batch_size": 32, "learning_rate": 0.001, "p_forall": 2, "p_exists": 1, "dropout_rate": 0, "size_val": 0.1, "accuracy": 0.15060000121593475, "training_time": 1300.6412603855133, "testing_time": 40.95525908470154, "model_file": "LTN_final_2_100_32_0.001_2_1_0_0.1"}
{"algorithm": "LTN", "seed": 3, "nb_epochs": 12, "batch_size": 32, "learning_rate": 0.001, "p_forall": 2, "p_exists": 1, "dropout_rate": 0, "size_val": 0.1, "accuracy": 0.41040000319480896, "training_time": 1934.7539987564087, "testing_time": 22.2539484500885, "model_file": "LTN_final_3_100_32_0.001_2_1_0_0.1"}
{"algorithm": "LTN", "seed": 4, "nb_epochs": 20, "batch_size": 32, "learning_rate": 0.001, "p_forall": 2, "p_exists": 1, "dropout_rate": 0, "size_val": 0.1, "accuracy": 0.9588000178337097, "training_time": 2442.574728012085, "testing_time": 20.472596406936646, "model_file": "LTN_final_4_100_32_0.001_2_1_0_0.1"}
{"algorithm": "LTN", "seed": 5, "nb_epochs": 12, "batch_size": 32, "learning_rate": 0.001, "p_forall": 2, "p_exists": 1, "dropout_rate": 0, "size_val": 0.1, "accuracy": 0.3837999999523163, "training_time": 1662.203530073166, "testing_time": 20.47762179374695, "model_file": "LTN_final_5_100_32_0.001_2_1_0_0.1"}
{"algorithm": "LTN", "seed": 6, "nb_epochs": 13, "batch_size": 32, "learning_rate": 0.001, "p_forall": 2, "p_exists": 1, "dropout_rate": 0, "size_val": 0.1, "accuracy": 0.640999972820282, "training_time": 1771.4490797519684, "testing_time": 15.987739086151123, "model_file": "LTN_final_6_100_32_0.001_2_1_0_0.1"}
{"algorithm": "LTN", "seed": 7, "nb_epochs": 8, "batch_size": 32, "learning_rate": 0.001, "p_forall": 2, "p_exists": 1, "dropout_rate": 0, "size_val": 0.1, "accuracy": 0.07779999822378159, "training_time": 1223.2675788402557, "testing_time": 20.473526000976562, "model_file": "LTN_final_7_100_32_0.001_2_1_0_0.1"}
