{"algorithm": "LTN", "seed": 0, "nb_epochs": 6, "batch_size": 32, "learning_rate": 0.001, "p_forall": 2, "p_exists": 1, "dropout_rate": 0, "size_val": 0.1, "accuracy": 0.9624000191688538, "training_time": 432.6604018211365, "testing_time": 4.21910285949707, "model_file": "LTN_final_0_100_32_0.001_2_1_0_0.1"}
{"algorithm": "LTN", "seed": 1, "nb_epochs": 6, "batch_size": 32, "learning_rate": 0.001, "p_forall": 2, "p_exists": 1, "dropout_rate": 0, "size_val": 0.1, "accuracy": 0.6496000289916992, "training_time": 438.55276584625244, "testing_time": 4.274673223495483, "model_file": "LTN_final_1_100_32_0.001_2_1_0_0.1"}
{"algorithm": "LTN", "seed": 2, "nb_epochs": 9, "batch_size": 32, "learning_rate": 0.001, "p_forall": 2, "p_exists": 1, "dropout_rate": 0, "size_val": 0.1, "accuracy": 0.973800003528595, "training_time": 607.5520102977753, "testing_time": 4.501110553741455, "model_file": "LTN_final_2_100_32_0.001_2_1_0_0.1"}
{"algorithm": "LTN", "seed": 3, "nb_epochs": 12, "batch_size": 32, "learning_rate": 0.001, "p_forall": 2, "p_exists": 1, "dropout_rate": 0, "size_val": 0.1, "accuracy": 0.41040000319480896, "training_time": 1479.7044696807861, "testing_time": 20.47437882423401, "model_file": "LTN_final_3_100_32_0.001_2_1_0_0.1"}
