{"algorithm": "NeurASP", "seed": 0, "nb_epochs": 24, "batch_size": 8, "learning_rate": 0.0001, "opt": false, "dropout_rate": 0.2, "size_val": 0.1, "accuracy": 0.7742, "training_time": 4245.189957141876, "testing_time": 24.91717267036438, "model_file": "NeurASP_final_0_100_8_0.0001_0.2_0.1_False"}
{"algorithm": "NeurASP", "seed": 1, "nb_epochs": 46, "batch_size": 8, "learning_rate": 0.0001, "opt": false, "dropout_rate": 0.2, "size_val": 0.1, "accuracy": 0.8029999999999999, "training_time": 7901.741056203842, "testing_time": 35.033451318740845, "model_file": "NeurASP_final_1_100_8_0.0001_0.2_0.1_False"}
