{"algorithm": "NN", "seed": 0, "nb_epochs": 100, "batch_size": 128, "learning_rate": 0.001, "use_dropout": false, "size_val": 0.1, "accuracy": 0.9156458333333308, "training_time": 1431.4873926639557, "testing_time": 17.17387366294861, "model_file": "NN_final_0_100_128_0.001_False_0.1"}
{"algorithm": "NN", "seed": 0, "nb_epochs": 100, "batch_size": 256, "learning_rate": 0.001, "use_dropout": false, "size_val": 0.1, "accuracy": 0.008, "training_time": 3896.164998292923, "testing_time": 9.464895486831665, "model_file": "NN_final_0_100_256_0.001_False_0.1"}
