{"algorithm": "SL", "seed": 0, "nb_epochs": 11, "batch_size": 2, "learning_rate": 0.0001, "dropout_rate": 0, "accuracy": 0.814, "training_time": 791.7516975402832, "testing_time": 0.35790348052978516, "model_file": "SL_final_0_0_100_Adam_2_0.0001"}
{"algorithm": "SL", "seed": 1, "nb_epochs": 22, "batch_size": 2, "learning_rate": 0.0001, "dropout_rate": 0, "accuracy": 0.828, "training_time": 1430.3889322280884, "testing_time": 0.4790608882904053, "model_file": "SL_final_1_0_100_Adam_2_0.0001"}
{"algorithm": "SL", "seed": 2, "nb_epochs": 11, "batch_size": 2, "learning_rate": 0.0001, "dropout_rate": 0, "accuracy": 0.817, "training_time": 796.1462366580963, "testing_time": 0.35016536712646484, "model_file": "SL_final_2_0_100_Adam_2_0.0001"}
{"algorithm": "SL", "seed": 3, "nb_epochs": 14, "batch_size": 2, "learning_rate": 0.0001, "dropout_rate": 0, "accuracy": 0.839, "training_time": 976.9368994235992, "testing_time": 0.4712355136871338, "model_file": "SL_final_3_0_100_Adam_2_0.0001"}
{"algorithm": "SL", "seed": 4, "nb_epochs": 14, "batch_size": 2, "learning_rate": 0.0001, "dropout_rate": 0, "accuracy": 0.836, "training_time": 982.8195161819458, "testing_time": 0.3366677761077881, "model_file": "SL_final_4_0_100_Adam_2_0.0001"}
{"algorithm": "SL", "seed": 5, "nb_epochs": 11, "batch_size": 2, "learning_rate": 0.0001, "dropout_rate": 0, "accuracy": 0.819, "training_time": 807.9359612464905, "testing_time": 0.32906198501586914, "model_file": "SL_final_5_0_100_Adam_2_0.0001"}
{"algorithm": "SL", "seed": 6, "nb_epochs": 12, "batch_size": 2, "learning_rate": 0.0001, "dropout_rate": 0, "accuracy": 0.825, "training_time": 890.4100134372711, "testing_time": 0.3689303398132324, "model_file": "SL_final_6_0_100_Adam_2_0.0001"}
{"algorithm": "SL", "seed": 7, "nb_epochs": 12, "batch_size": 2, "learning_rate": 0.0001, "dropout_rate": 0, "accuracy": 0.822, "training_time": 866.9925029277802, "testing_time": 0.33365964889526367, "model_file": "SL_final_7_0_100_Adam_2_0.0001"}
{"algorithm": "SL", "seed": 8, "nb_epochs": 10, "batch_size": 2, "learning_rate": 0.0001, "dropout_rate": 0, "accuracy": 0.817, "training_time": 765.6143653392792, "testing_time": 0.3290138244628906, "model_file": "SL_final_8_0_100_Adam_2_0.0001"}
{"algorithm": "SL", "seed": 9, "nb_epochs": 19, "batch_size": 2, "learning_rate": 0.0001, "dropout_rate": 0, "accuracy": 0.832, "training_time": 1309.9484677314758, "testing_time": 0.357633113861084, "model_file": "SL_final_9_0_100_Adam_2_0.0001"}
