{"algorithm": "NN", "seed": 0, "nb_epochs": 24, "optimizer": "Adam", "batch_size": 128, "learning_rate": 0.001, "dropout_rate": 0.2, "size_val": 0.1, "accuracy": 0.558, "training_time": 90.41897630691528, "testing_time": 3.3207201957702637, "model_file": "NN_final_0_0.25_100_Adam_128_0.001_0.2_0.1"}
{"algorithm": "NN", "seed": 1, "nb_epochs": 33, "optimizer": "Adam", "batch_size": 128, "learning_rate": 0.001, "dropout_rate": 0.2, "size_val": 0.1, "accuracy": 0.6236, "training_time": 119.64127159118652, "testing_time": 3.3279976844787598, "model_file": "NN_final_1_0.25_100_Adam_128_0.001_0.2_0.1"}
{"algorithm": "NN", "seed": 2, "nb_epochs": 29, "optimizer": "Adam", "batch_size": 128, "learning_rate": 0.001, "dropout_rate": 0.2, "size_val": 0.1, "accuracy": 0.6006, "training_time": 106.94253993034363, "testing_time": 3.3339767456054688, "model_file": "NN_final_2_0.25_100_Adam_128_0.001_0.2_0.1"}
{"algorithm": "NN", "seed": 3, "nb_epochs": 41, "optimizer": "Adam", "batch_size": 128, "learning_rate": 0.001, "dropout_rate": 0.2, "size_val": 0.1, "accuracy": 0.6702, "training_time": 165.71518850326538, "testing_time": 3.3473610877990723, "model_file": "NN_final_3_0.25_100_Adam_128_0.001_0.2_0.1"}
{"algorithm": "NN", "seed": 4, "nb_epochs": 42, "optimizer": "Adam", "batch_size": 128, "learning_rate": 0.001, "dropout_rate": 0.2, "size_val": 0.1, "accuracy": 0.5654, "training_time": 180.7553973197937, "testing_time": 3.344137668609619, "model_file": "NN_final_4_0.25_100_Adam_128_0.001_0.2_0.1"}
{"algorithm": "NN", "seed": 5, "nb_epochs": 32, "optimizer": "Adam", "batch_size": 128, "learning_rate": 0.001, "dropout_rate": 0.2, "size_val": 0.1, "accuracy": 0.5806, "training_time": 129.9714856147766, "testing_time": 3.3744471073150635, "model_file": "NN_final_5_0.25_100_Adam_128_0.001_0.2_0.1"}
{"algorithm": "NN", "seed": 6, "nb_epochs": 25, "optimizer": "Adam", "batch_size": 128, "learning_rate": 0.001, "dropout_rate": 0.2, "size_val": 0.1, "accuracy": 0.5854, "training_time": 109.72682881355286, "testing_time": 3.3877313137054443, "model_file": "NN_final_6_0.25_100_Adam_128_0.001_0.2_0.1"}
{"algorithm": "NN", "seed": 7, "nb_epochs": 42, "optimizer": "Adam", "batch_size": 128, "learning_rate": 0.001, "dropout_rate": 0.2, "size_val": 0.1, "accuracy": 0.6552, "training_time": 173.51809430122375, "testing_time": 3.3629069328308105, "model_file": "NN_final_7_0.25_100_Adam_128_0.001_0.2_0.1"}
