{"algorithm": "LTN", "seed": 0, "nb_epochs": 10, "batch_size": 512, "learning_rate": 0.001, "p_forall": 2, "p_exists": 1, "p_forall_cites": 2, "p_exists_cites": 1, "dropout_rate": 0, "accuracy": 0.6324602961540222, "training_time": 1959.439492225647, "testing_time": 0.3179187774658203, "model_file": "LTN_final_0_100_512_0.001_2_1_2_1_0"}
{"algorithm": "LTN", "seed": 1, "nb_epochs": 9, "batch_size": 512, "learning_rate": 0.001, "p_forall": 2, "p_exists": 1, "p_forall_cites": 2, "p_exists_cites": 1, "dropout_rate": 0, "accuracy": 0.7574602961540222, "training_time": 1826.6287622451782, "testing_time": 0.4941439628601074, "model_file": "LTN_final_1_100_512_0.001_2_1_2_1_0"}
{"algorithm": "LTN", "seed": 2, "nb_epochs": 9, "batch_size": 512, "learning_rate": 0.001, "p_forall": 2, "p_exists": 1, "p_forall_cites": 2, "p_exists_cites": 1, "dropout_rate": 0, "accuracy": 0.7169569730758667, "training_time": 1820.3901987075806, "testing_time": 0.5227377414703369, "model_file": "LTN_final_2_100_512_0.001_2_1_2_1_0"}
{"algorithm": "LTN", "seed": 3, "nb_epochs": 13, "batch_size": 512, "learning_rate": 0.001, "p_forall": 2, "p_exists": 1, "p_forall_cites": 2, "p_exists_cites": 1, "dropout_rate": 0, "accuracy": 0.6571145057678223, "training_time": 2418.5152859687805, "testing_time": 0.3094167709350586, "model_file": "LTN_final_3_100_512_0.001_2_1_2_1_0"}
{"algorithm": "LTN", "seed": 4, "nb_epochs": 7, "batch_size": 512, "learning_rate": 0.001, "p_forall": 2, "p_exists": 1, "p_forall_cites": 2, "p_exists_cites": 1, "dropout_rate": 0, "accuracy": 0.7384253740310669, "training_time": 1525.3553245067596, "testing_time": 0.29333066940307617, "model_file": "LTN_final_4_100_512_0.001_2_1_2_1_0"}
{"algorithm": "LTN", "seed": 5, "nb_epochs": 5, "batch_size": 512, "learning_rate": 0.001, "p_forall": 2, "p_exists": 1, "p_forall_cites": 2, "p_exists_cites": 1, "dropout_rate": 0, "accuracy": 0.7414671182632446, "training_time": 1148.028408050537, "testing_time": 0.2685091495513916, "model_file": "LTN_final_5_100_512_0.001_2_1_2_1_0"}
{"algorithm": "LTN", "seed": 6, "nb_epochs": 10, "batch_size": 512, "learning_rate": 0.001, "p_forall": 2, "p_exists": 1, "p_forall_cites": 2, "p_exists_cites": 1, "dropout_rate": 0, "accuracy": 0.7629834413528442, "training_time": 1903.4982092380524, "testing_time": 0.27110719680786133, "model_file": "LTN_final_6_100_512_0.001_2_1_2_1_0"}
{"algorithm": "LTN", "seed": 7, "nb_epochs": 11, "batch_size": 512, "learning_rate": 0.001, "p_forall": 2, "p_exists": 1, "p_forall_cites": 2, "p_exists_cites": 1, "dropout_rate": 0, "accuracy": 0.6414414644241333, "training_time": 1931.4949340820312, "testing_time": 0.2531898021697998, "model_file": "LTN_final_7_100_512_0.001_2_1_2_1_0"}
{"algorithm": "LTN", "seed": 8, "nb_epochs": 11, "batch_size": 512, "learning_rate": 0.001, "p_forall": 2, "p_exists": 1, "p_forall_cites": 2, "p_exists_cites": 1, "dropout_rate": 0, "accuracy": 0.6754290461540222, "training_time": 1900.0860841274261, "testing_time": 0.2563207149505615, "model_file": "LTN_final_8_100_512_0.001_2_1_2_1_0"}
{"algorithm": "LTN", "seed": 9, "nb_epochs": 11, "batch_size": 512, "learning_rate": 0.001, "p_forall": 2, "p_exists": 1, "p_forall_cites": 2, "p_exists_cites": 1, "dropout_rate": 0, "accuracy": 0.7692270874977112, "training_time": 1984.977098941803, "testing_time": 0.2929096221923828, "model_file": "LTN_final_9_100_512_0.001_2_1_2_1_0"}
