{"algorithm": "LTN", "seed": 0, "nb_epochs": 17, "batch_size": 512, "learning_rate": 0.001, "p_forall": 2, "p_exists": 1, "p_forall_cites": 2, "p_exists_cites": 1, "dropout_rate": 0, "accuracy": 0.7228643894195557, "training_time": 403.61842012405396, "testing_time": 0.1348419189453125, "model_file": "LTN_final_0_100_512_0.001_2_1_2_1_0"}
{"algorithm": "LTN", "seed": 1, "nb_epochs": 7, "batch_size": 512, "learning_rate": 0.001, "p_forall": 2, "p_exists": 1, "p_forall_cites": 2, "p_exists_cites": 1, "dropout_rate": 0, "accuracy": 0.7242732048034668, "training_time": 271.77002334594727, "testing_time": 0.13971996307373047, "model_file": "LTN_final_1_100_512_0.001_2_1_2_1_0"}
{"algorithm": "LTN", "seed": 2, "nb_epochs": 10, "batch_size": 512, "learning_rate": 0.001, "p_forall": 2, "p_exists": 1, "p_forall_cites": 2, "p_exists_cites": 1, "dropout_rate": 0, "accuracy": 0.6213818788528442, "training_time": 296.28082823753357, "testing_time": 0.1497328281402588, "model_file": "LTN_final_2_100_512_0.001_2_1_2_1_0"}
{"algorithm": "LTN", "seed": 3, "nb_epochs": 14, "batch_size": 512, "learning_rate": 0.001, "p_forall": 2, "p_exists": 1, "p_forall_cites": 2, "p_exists_cites": 1, "dropout_rate": 0, "accuracy": 0.6470127105712891, "training_time": 343.9793801307678, "testing_time": 0.14867496490478516, "model_file": "LTN_final_3_100_512_0.001_2_1_2_1_0"}
{"algorithm": "LTN", "seed": 4, "nb_epochs": 9, "batch_size": 512, "learning_rate": 0.001, "p_forall": 2, "p_exists": 1, "p_forall_cites": 2, "p_exists_cites": 1, "dropout_rate": 0, "accuracy": 0.5630923509597778, "training_time": 295.0818541049957, "testing_time": 0.20741677284240723, "model_file": "LTN_final_4_100_512_0.001_2_1_2_1_0"}
{"algorithm": "LTN", "seed": 5, "nb_epochs": 7, "batch_size": 512, "learning_rate": 0.001, "p_forall": 2, "p_exists": 1, "p_forall_cites": 2, "p_exists_cites": 1, "dropout_rate": 0, "accuracy": 0.7504482269287109, "training_time": 271.4870295524597, "testing_time": 0.1471998691558838, "model_file": "LTN_final_5_100_512_0.001_2_1_2_1_0"}
{"algorithm": "LTN", "seed": 6, "nb_epochs": 6, "batch_size": 512, "learning_rate": 0.001, "p_forall": 2, "p_exists": 1, "p_forall_cites": 2, "p_exists_cites": 1, "dropout_rate": 0, "accuracy": 0.6267610192298889, "training_time": 255.6243588924408, "testing_time": 0.33655333518981934, "model_file": "LTN_final_6_100_512_0.001_2_1_2_1_0"}
{"algorithm": "LTN", "seed": 7, "nb_epochs": 2, "batch_size": 512, "learning_rate": 0.001, "p_forall": 2, "p_exists": 1, "p_forall_cites": 2, "p_exists_cites": 1, "dropout_rate": 0, "accuracy": 0.5733542442321777, "training_time": 196.38779640197754, "testing_time": 0.1515979766845703, "model_file": "LTN_final_7_100_512_0.001_2_1_2_1_0"}
{"algorithm": "LTN", "seed": 8, "nb_epochs": 2, "batch_size": 512, "learning_rate": 0.001, "p_forall": 2, "p_exists": 1, "p_forall_cites": 2, "p_exists_cites": 1, "dropout_rate": 0, "accuracy": 0.5346599817276001, "training_time": 193.89384508132935, "testing_time": 0.14871692657470703, "model_file": "LTN_final_8_100_512_0.001_2_1_2_1_0"}
{"algorithm": "LTN", "seed": 9, "nb_epochs": 8, "batch_size": 512, "learning_rate": 0.001, "p_forall": 2, "p_exists": 1, "p_forall_cites": 2, "p_exists_cites": 1, "dropout_rate": 0, "accuracy": 0.7234886884689331, "training_time": 278.45255279541016, "testing_time": 0.1581563949584961, "model_file": "LTN_final_9_100_512_0.001_2_1_2_1_0"}
