{"algorithm": "LTN", "seed": 0, "nb_epochs_done": 6, "batch_size": 128, "learning_rate": 0.001, "p_forall": 2, "p_exists": 1, "p_forall_cites": 2, "p_exists_cites": 1, "dropout_rate": 0, "accuracy": 0.7019230723381042, "training_time": 1278.1580197811127, "testing_time": 0.5701034069061279, "model_file": "LTN_final_0_100_128_0.001_2_1_2_1_0_0"}
{"algorithm": "LTN", "seed": 1, "nb_epochs_done": 6, "batch_size": 128, "learning_rate": 0.001, "p_forall": 2, "p_exists": 1, "p_forall_cites": 2, "p_exists_cites": 1, "dropout_rate": 0, "accuracy": 0.6598557829856873, "training_time": 1151.7741117477417, "testing_time": 0.10292482376098633, "model_file": "LTN_final_1_100_128_0.001_2_1_2_1_0_0"}
{"algorithm": "LTN", "seed": 2, "nb_epochs_done": 3, "batch_size": 128, "learning_rate": 0.001, "p_forall": 2, "p_exists": 1, "p_forall_cites": 2, "p_exists_cites": 1, "dropout_rate": 0, "accuracy": 0.6313101053237915, "training_time": 790.5108675956726, "testing_time": 0.09755992889404297, "model_file": "LTN_final_2_100_128_0.001_2_1_2_1_0_0"}
{"algorithm": "LTN", "seed": 3, "nb_epochs_done": 4, "batch_size": 128, "learning_rate": 0.001, "p_forall": 2, "p_exists": 1, "p_forall_cites": 2, "p_exists_cites": 1, "dropout_rate": 0, "accuracy": 0.6978665590286255, "training_time": 906.495278596878, "testing_time": 0.10386323928833008, "model_file": "LTN_final_3_100_128_0.001_2_1_2_1_0_0"}
{"algorithm": "LTN", "seed": 4, "nb_epochs_done": 5, "batch_size": 128, "learning_rate": 0.001, "p_forall": 2, "p_exists": 1, "p_forall_cites": 2, "p_exists_cites": 1, "dropout_rate": 0, "accuracy": 0.7696815133094788, "training_time": 1025.8286581039429, "testing_time": 0.10416722297668457, "model_file": "LTN_final_4_100_128_0.001_2_1_2_1_0_0"}
{"algorithm": "LTN", "seed": 5, "nb_epochs_done": 7, "batch_size": 128, "learning_rate": 0.001, "p_forall": 2, "p_exists": 1, "p_forall_cites": 2, "p_exists_cites": 1, "dropout_rate": 0, "accuracy": 0.7483473420143127, "training_time": 1266.4629096984863, "testing_time": 0.10911679267883301, "model_file": "LTN_final_5_100_128_0.001_2_1_2_1_0_0"}
{"algorithm": "LTN", "seed": 6, "nb_epochs_done": 12, "batch_size": 128, "learning_rate": 0.001, "p_forall": 2, "p_exists": 1, "p_forall_cites": 2, "p_exists_cites": 1, "dropout_rate": 0, "accuracy": 0.7515023946762085, "training_time": 1868.0548858642578, "testing_time": 0.0964961051940918, "model_file": "LTN_final_6_100_128_0.001_2_1_2_1_0_0"}
{"algorithm": "LTN", "seed": 7, "nb_epochs_done": 6, "batch_size": 128, "learning_rate": 0.001, "p_forall": 2, "p_exists": 1, "p_forall_cites": 2, "p_exists_cites": 1, "dropout_rate": 0, "accuracy": 0.6767578125, "training_time": 1144.0061025619507, "testing_time": 0.10253739356994629, "model_file": "LTN_final_7_100_128_0.001_2_1_2_1_0_0"}
{"algorithm": "LTN", "seed": 8, "nb_epochs_done": 6, "batch_size": 128, "learning_rate": 0.001, "p_forall": 2, "p_exists": 1, "p_forall_cites": 2, "p_exists_cites": 1, "dropout_rate": 0, "accuracy": 0.7650991678237915, "training_time": 1146.9837656021118, "testing_time": 0.1293809413909912, "model_file": "LTN_final_8_100_128_0.001_2_1_2_1_0_0"}
{"algorithm": "LTN", "seed": 9, "nb_epochs_done": 5, "batch_size": 128, "learning_rate": 0.001, "p_forall": 2, "p_exists": 1, "p_forall_cites": 2, "p_exists_cites": 1, "dropout_rate": 0, "accuracy": 0.7726112008094788, "training_time": 1023.8401362895966, "testing_time": 0.09597110748291016, "model_file": "LTN_final_9_100_128_0.001_2_1_2_1_0_0"}
