{"algorithm": "LTN", "seed": 0, "nb_epochs": 12, "batch_size": 512, "learning_rate": 0.001, "p_forall": 2, "p_exists": 1, "p_forall_cites": 2, "p_exists_cites": 1, "dropout_rate": 0, "accuracy": 0.7639600038528442, "training_time": 551.2924525737762, "testing_time": 0.17267155647277832, "model_file": "LTN_final_0_100_512_0.001_2_1_2_1_0"}
{"algorithm": "LTN", "seed": 1, "nb_epochs": 11, "batch_size": 512, "learning_rate": 0.001, "p_forall": 2, "p_exists": 1, "p_forall_cites": 2, "p_exists_cites": 1, "dropout_rate": 0, "accuracy": 0.7511686682701111, "training_time": 520.6827578544617, "testing_time": 0.18555593490600586, "model_file": "LTN_final_1_100_512_0.001_2_1_2_1_0"}
{"algorithm": "LTN", "seed": 2, "nb_epochs": 12, "batch_size": 512, "learning_rate": 0.001, "p_forall": 2, "p_exists": 1, "p_forall_cites": 2, "p_exists_cites": 1, "dropout_rate": 0, "accuracy": 0.7481429576873779, "training_time": 552.1942527294159, "testing_time": 0.13986825942993164, "model_file": "LTN_final_2_100_512_0.001_2_1_2_1_0"}
{"algorithm": "LTN", "seed": 3, "nb_epochs": 13, "batch_size": 512, "learning_rate": 0.001, "p_forall": 2, "p_exists": 1, "p_forall_cites": 2, "p_exists_cites": 1, "dropout_rate": 0, "accuracy": 0.6962570548057556, "training_time": 585.1484112739563, "testing_time": 0.13541626930236816, "model_file": "LTN_final_3_100_512_0.001_2_1_2_1_0"}
{"algorithm": "LTN", "seed": 4, "nb_epochs": 13, "batch_size": 512, "learning_rate": 0.001, "p_forall": 2, "p_exists": 1, "p_forall_cites": 2, "p_exists_cites": 1, "dropout_rate": 0, "accuracy": 0.7601017951965332, "training_time": 588.7223324775696, "testing_time": 0.2428760528564453, "model_file": "LTN_final_4_100_512_0.001_2_1_2_1_0"}
{"algorithm": "LTN", "seed": 5, "nb_epochs": 8, "batch_size": 512, "learning_rate": 0.001, "p_forall": 2, "p_exists": 1, "p_forall_cites": 2, "p_exists_cites": 1, "dropout_rate": 0, "accuracy": 0.7596215009689331, "training_time": 424.74368476867676, "testing_time": 0.18587088584899902, "model_file": "LTN_final_5_100_512_0.001_2_1_2_1_0"}
{"algorithm": "LTN", "seed": 6, "nb_epochs": 6, "batch_size": 512, "learning_rate": 0.001, "p_forall": 2, "p_exists": 1, "p_forall_cites": 2, "p_exists_cites": 1, "dropout_rate": 0, "accuracy": 0.7659131288528442, "training_time": 360.0458710193634, "testing_time": 0.15520715713500977, "model_file": "LTN_final_6_100_512_0.001_2_1_2_1_0"}
{"algorithm": "LTN", "seed": 7, "nb_epochs": 13, "batch_size": 512, "learning_rate": 0.001, "p_forall": 2, "p_exists": 1, "p_forall_cites": 2, "p_exists_cites": 1, "dropout_rate": 0, "accuracy": 0.6662397384643555, "training_time": 586.7305769920349, "testing_time": 0.130631685256958, "model_file": "LTN_final_7_100_512_0.001_2_1_2_1_0"}
{"algorithm": "LTN", "seed": 8, "nb_epochs": 8, "batch_size": 512, "learning_rate": 0.001, "p_forall": 2, "p_exists": 1, "p_forall_cites": 2, "p_exists_cites": 1, "dropout_rate": 0, "accuracy": 0.7275550365447998, "training_time": 428.7241098880768, "testing_time": 0.19143939018249512, "model_file": "LTN_final_8_100_512_0.001_2_1_2_1_0"}
{"algorithm": "LTN", "seed": 9, "nb_epochs": 5, "batch_size": 512, "learning_rate": 0.001, "p_forall": 2, "p_exists": 1, "p_forall_cites": 2, "p_exists_cites": 1, "dropout_rate": 0, "accuracy": 0.7603899836540222, "training_time": 331.8690435886383, "testing_time": 0.18629837036132812, "model_file": "LTN_final_9_100_512_0.001_2_1_2_1_0"}
