{"algorithm": "LTN", "seed": 0, "nb_epochs": 3, "batch_size": 16, "learning_rate": 0.001, "p_schedule": 1.0, "use_dropout": true, "accuracy": 0.7459999918937683, "training_time": 3.5315446853637695, "testing_time": 0.7278101444244385, "model_file": "LTN_final_0_3_16_0.001_1.0_True"}
{"algorithm": "LTN", "seed": 1, "nb_epochs": 3, "batch_size": 16, "learning_rate": 0.001, "p_schedule": 1.0, "use_dropout": true, "accuracy": 0.6980000138282776, "training_time": 2.7960927486419678, "testing_time": 0.84177565574646, "model_file": "LTN_final_1_3_16_0.001_1.0_True"}
{"algorithm": "LTN", "seed": 2, "nb_epochs": 3, "batch_size": 16, "learning_rate": 0.001, "p_schedule": 1.0, "use_dropout": true, "accuracy": 0.6980000138282776, "training_time": 3.617483139038086, "testing_time": 0.6800129413604736, "model_file": "LTN_final_2_3_16_0.001_1.0_True"}
{"algorithm": "LTN", "seed": 0, "nb_epochs": 3, "batch_size": 16, "learning_rate": 0.001, "p_schedule": 1.0, "use_dropout": true, "accuracy": 0.7200000286102295, "training_time": 3.422637701034546, "testing_time": 0.6902549266815186, "model_file": "LTN_final_0_3_16_0.001_1.0_True"}
{"algorithm": "LTN", "seed": 0, "nb_epochs": 3, "batch_size": 16, "learning_rate": 0.001, "p_schedule": 1.0, "use_dropout": true, "accuracy": 0.7089999914169312, "training_time": 3.3702034950256348, "testing_time": 0.7398719787597656, "model_file": "LTN_final_0_3_16_0.001_1.0_True"}
{"algorithm": "LTN", "seed": 0, "nb_epochs": 3, "batch_size": 16, "learning_rate": 0.001, "p_schedule": 1.0, "use_dropout": true, "accuracy": 0.7099999785423279, "training_time": 5.329961776733398, "testing_time": 0.7017757892608643, "model_file": "LTN_final_0_3_16_0.001_1.0_True"}
{"algorithm": "LTN", "seed": 0, "nb_epochs": 3, "batch_size": 16, "learning_rate": 0.001, "p_schedule": 1.0, "use_dropout": true, "accuracy": 0.7250000238418579, "training_time": 3.3241970539093018, "testing_time": 0.7203917503356934, "model_file": "LTN_final_0_3_16_0.001_1.0_True"}
{"algorithm": "LTN", "seed": 0, "nb_epochs": 1, "batch_size": 64, "learning_rate": 0.001, "p_schedule": 1.0, "use_dropout": true, "accuracy": 0.5130000114440918, "training_time": 1.783479928970337, "testing_time": 0.7533798217773438, "model_file": "LTN_final_0_1_64_0.001_1.0_True"}
{"algorithm": "LTN", "seed": 1, "nb_epochs": 1, "batch_size": 64, "learning_rate": 0.001, "p_schedule": 1.0, "use_dropout": true, "accuracy": 0.621999979019165, "training_time": 1.687443733215332, "testing_time": 0.6409802436828613, "model_file": "LTN_final_1_1_64_0.001_1.0_True"}
{"algorithm": "LTN", "seed": 0, "nb_epochs": 1, "batch_size": 16, "learning_rate": 0.001, "p_schedule": 1.0, "use_dropout": false, "accuracy": 0.7419999837875366, "training_time": 2.002150297164917, "testing_time": 0.7246384620666504, "model_file": "LTN_final_0_1_16_0.001_1.0_False"}
{"algorithm": "LTN", "seed": 1, "nb_epochs": 1, "batch_size": 16, "learning_rate": 0.001, "p_schedule": 1.0, "use_dropout": false, "accuracy": 0.7289999723434448, "training_time": 1.9066846370697021, "testing_time": 0.7863330841064453, "model_file": "LTN_final_1_1_16_0.001_1.0_False"}
{"algorithm": "LTN", "seed": 2, "nb_epochs": 1, "batch_size": 16, "learning_rate": 0.001, "p_schedule": 1.0, "use_dropout": false, "accuracy": 0.7269999980926514, "training_time": 1.9393208026885986, "testing_time": 0.6494009494781494, "model_file": "LTN_final_2_1_16_0.001_1.0_False"}
{"algorithm": "LTN", "seed": 0, "nb_epochs": 1, "batch_size": 16, "learning_rate": 0.001, "p_schedule": 1.0, "use_dropout": false, "accuracy": 0.1809999942779541, "training_time": 417.7779459953308, "testing_time": 0.9145586490631104, "model_file": "LTN_final_0_1_16_0.001_1.0_False"}
{"algorithm": "LTN", "seed": 0, "nb_epochs": 2, "batch_size": 128, "learning_rate": 0.001, "p_schedule": 1.0, "use_dropout": false, "accuracy": 0.30300000309944153, "training_time": 143.40789365768433, "testing_time": 0.6499061584472656, "model_file": "LTN_final_0_2_128_0.001_1.0_False"}
{"algorithm": "LTN", "seed": 0, "nb_epochs": 2, "batch_size": 128, "learning_rate": 0.001, "p_schedule": 1.0, "use_dropout": false, "accuracy": 0.30300000309944153, "training_time": 145.94708847999573, "testing_time": 0.6226804256439209, "model_file": "LTN_final_0_2_128_0.001_1.0_False"}
