{"algorithm": "SL", "seed": 0, "nb_epochs": 2, "batch_size": 2, "learning_rate": 0.0001, "dropout_rate": 0, "accuracy": 0.755, "training_time": 485.773282289505, "testing_time": 1.0182549953460693, "model_file": "SL_final_0_0.1_100_Adam_2_0.0001"}
{"algorithm": "SL", "seed": 1, "nb_epochs": 6, "batch_size": 2, "learning_rate": 0.0001, "dropout_rate": 0, "accuracy": 0.76, "training_time": 769.2955226898193, "testing_time": 1.007843017578125, "model_file": "SL_final_1_0.1_100_Adam_2_0.0001"}
{"algorithm": "SL", "seed": 2, "nb_epochs": 2, "batch_size": 2, "learning_rate": 0.0001, "dropout_rate": 0, "accuracy": 0.759, "training_time": 451.7863404750824, "testing_time": 1.0649678707122803, "model_file": "SL_final_2_0.1_100_Adam_2_0.0001"}
{"algorithm": "SL", "seed": 3, "nb_epochs": 6, "batch_size": 2, "learning_rate": 0.0001, "dropout_rate": 0, "accuracy": 0.768, "training_time": 822.5696227550507, "testing_time": 1.2067897319793701, "model_file": "SL_final_3_0.1_100_Adam_2_0.0001"}
{"algorithm": "SL", "seed": 4, "nb_epochs": 3, "batch_size": 2, "learning_rate": 0.0001, "dropout_rate": 0, "accuracy": 0.766, "training_time": 542.9452083110809, "testing_time": 0.8746998310089111, "model_file": "SL_final_4_0.1_100_Adam_2_0.0001"}
{"algorithm": "SL", "seed": 5, "nb_epochs": 4, "batch_size": 2, "learning_rate": 0.0001, "dropout_rate": 0, "accuracy": 0.773, "training_time": 610.8941028118134, "testing_time": 1.0847015380859375, "model_file": "SL_final_5_0.1_100_Adam_2_0.0001"}
{"algorithm": "SL", "seed": 6, "nb_epochs": 6, "batch_size": 2, "learning_rate": 0.0001, "dropout_rate": 0, "accuracy": 0.763, "training_time": 804.8230729103088, "testing_time": 1.1579136848449707, "model_file": "SL_final_6_0.1_100_Adam_2_0.0001"}
{"algorithm": "SL", "seed": 7, "nb_epochs": 2, "batch_size": 2, "learning_rate": 0.0001, "dropout_rate": 0, "accuracy": 0.763, "training_time": 457.4569139480591, "testing_time": 0.9240128993988037, "model_file": "SL_final_7_0.1_100_Adam_2_0.0001"}
{"algorithm": "SL", "seed": 8, "nb_epochs": 5, "batch_size": 2, "learning_rate": 0.0001, "dropout_rate": 0, "accuracy": 0.763, "training_time": 723.9563491344452, "testing_time": 0.8568196296691895, "model_file": "SL_final_8_0.1_100_Adam_2_0.0001"}
{"algorithm": "SL", "seed": 9, "nb_epochs": 5, "batch_size": 2, "learning_rate": 0.0001, "dropout_rate": 0, "accuracy": 0.76, "training_time": 737.7777347564697, "testing_time": 1.174027681350708, "model_file": "SL_final_9_0.1_100_Adam_2_0.0001"}
