{"algorithm": "SL", "seed": 0, "nb_epochs": 2, "batch_size": 2, "learning_rate": 0.0001, "dropout_rate": 0, "accuracy": 0.747, "training_time": 380.3987066745758, "testing_time": 1.1297235488891602, "model_file": "SL_final_0_0.25_100_Adam_2_0.0001"}
{"algorithm": "SL", "seed": 1, "nb_epochs": 5, "batch_size": 2, "learning_rate": 0.0001, "dropout_rate": 0, "accuracy": 0.756, "training_time": 621.9355113506317, "testing_time": 1.3109731674194336, "model_file": "SL_final_1_0.25_100_Adam_2_0.0001"}
{"algorithm": "SL", "seed": 2, "nb_epochs": 2, "batch_size": 2, "learning_rate": 0.0001, "dropout_rate": 0, "accuracy": 0.753, "training_time": 371.58164954185486, "testing_time": 0.9175124168395996, "model_file": "SL_final_2_0.25_100_Adam_2_0.0001"}
{"algorithm": "SL", "seed": 3, "nb_epochs": 4, "batch_size": 2, "learning_rate": 0.0001, "dropout_rate": 0, "accuracy": 0.765, "training_time": 539.6909427642822, "testing_time": 1.0864224433898926, "model_file": "SL_final_3_0.25_100_Adam_2_0.0001"}
{"algorithm": "SL", "seed": 4, "nb_epochs": 3, "batch_size": 2, "learning_rate": 0.0001, "dropout_rate": 0, "accuracy": 0.759, "training_time": 464.1118314266205, "testing_time": 1.0513842105865479, "model_file": "SL_final_4_0.25_100_Adam_2_0.0001"}
{"algorithm": "SL", "seed": 5, "nb_epochs": 3, "batch_size": 2, "learning_rate": 0.0001, "dropout_rate": 0, "accuracy": 0.774, "training_time": 447.02499318122864, "testing_time": 1.339245080947876, "model_file": "SL_final_5_0.25_100_Adam_2_0.0001"}
{"algorithm": "SL", "seed": 6, "nb_epochs": 3, "batch_size": 2, "learning_rate": 0.0001, "dropout_rate": 0, "accuracy": 0.769, "training_time": 448.42114877700806, "testing_time": 1.0587737560272217, "model_file": "SL_final_6_0.25_100_Adam_2_0.0001"}
{"algorithm": "SL", "seed": 7, "nb_epochs": 4, "batch_size": 2, "learning_rate": 0.0001, "dropout_rate": 0, "accuracy": 0.771, "training_time": 519.1572706699371, "testing_time": 0.8856112957000732, "model_file": "SL_final_7_0.25_100_Adam_2_0.0001"}
{"algorithm": "SL", "seed": 8, "nb_epochs": 3, "batch_size": 2, "learning_rate": 0.0001, "dropout_rate": 0, "accuracy": 0.758, "training_time": 469.94667649269104, "testing_time": 1.0775206089019775, "model_file": "SL_final_8_0.25_100_Adam_2_0.0001"}
{"algorithm": "SL", "seed": 9, "nb_epochs": 6, "batch_size": 2, "learning_rate": 0.0001, "dropout_rate": 0, "accuracy": 0.75, "training_time": 680.6626422405243, "testing_time": 1.0923218727111816, "model_file": "SL_final_9_0.25_100_Adam_2_0.0001"}
