{"algorithm": "SL", "seed": 0, "nb_epochs": 100, "batch_size": 8, "learning_rate": 0.001, "dropout_rate": 0, "accuracy": 0.738, "training_time": 561.2367172241211, "testing_time": 0.4935572147369385, "model_file": "SL_final_0_100_8_0.001_0"}
{"algorithm": "SL", "seed": 1, "nb_epochs": 100, "batch_size": 8, "learning_rate": 0.001, "dropout_rate": 0, "accuracy": 0.755, "training_time": 589.8957588672638, "testing_time": 0.50960373878479, "model_file": "SL_final_1_100_8_0.001_0"}
{"algorithm": "SL", "seed": 2, "nb_epochs": 100, "batch_size": 8, "learning_rate": 0.001, "dropout_rate": 0, "accuracy": 0.754, "training_time": 664.7117664813995, "testing_time": 0.5138943195343018, "model_file": "SL_final_2_100_8_0.001_0"}
{"algorithm": "SL", "seed": 3, "nb_epochs": 100, "batch_size": 8, "learning_rate": 0.001, "dropout_rate": 0, "accuracy": 0.768, "training_time": 518.2834134101868, "testing_time": 0.5177974700927734, "model_file": "SL_final_3_100_8_0.001_0"}
{"algorithm": "SL", "seed": 4, "nb_epochs": 100, "batch_size": 8, "learning_rate": 0.001, "dropout_rate": 0, "accuracy": 0.747, "training_time": 518.6519858837128, "testing_time": 0.5189554691314697, "model_file": "SL_final_4_100_8_0.001_0"}
{"algorithm": "SL", "seed": 5, "nb_epochs": 100, "batch_size": 8, "learning_rate": 0.001, "dropout_rate": 0, "accuracy": 0.755, "training_time": 742.2574632167816, "testing_time": 0.5304462909698486, "model_file": "SL_final_5_100_8_0.001_0"}
{"algorithm": "SL", "seed": 6, "nb_epochs": 100, "batch_size": 8, "learning_rate": 0.001, "dropout_rate": 0, "accuracy": 0.769, "training_time": 516.080806016922, "testing_time": 0.5129988193511963, "model_file": "SL_final_6_100_8_0.001_0"}
{"algorithm": "SL", "seed": 7, "nb_epochs": 100, "batch_size": 8, "learning_rate": 0.001, "dropout_rate": 0, "accuracy": 0.758, "training_time": 595.0402393341064, "testing_time": 0.5215237140655518, "model_file": "SL_final_7_100_8_0.001_0"}
{"algorithm": "SL", "seed": 8, "nb_epochs": 100, "batch_size": 8, "learning_rate": 0.001, "dropout_rate": 0, "accuracy": 0.769, "training_time": 590.6975131034851, "testing_time": 0.5144240856170654, "model_file": "SL_final_8_100_8_0.001_0"}
{"algorithm": "SL", "seed": 9, "nb_epochs": 100, "batch_size": 8, "learning_rate": 0.001, "dropout_rate": 0, "accuracy": 0.74, "training_time": 443.29544973373413, "testing_time": 0.5290493965148926, "model_file": "SL_final_9_100_8_0.001_0"}
