{"algorithm": "SL", "seed": 0, "nb_epochs": 3, "batch_size": 2, "learning_rate": 0.0001, "dropout_rate": 0, "accuracy": 0.741, "training_time": 312.87603664398193, "testing_time": 1.1518728733062744, "model_file": "SL_final_0_0.5_100_Adam_2_0.0001"}
{"algorithm": "SL", "seed": 1, "nb_epochs": 3, "batch_size": 2, "learning_rate": 0.0001, "dropout_rate": 0, "accuracy": 0.727, "training_time": 298.609986782074, "testing_time": 1.3373520374298096, "model_file": "SL_final_1_0.5_100_Adam_2_0.0001"}
{"algorithm": "SL", "seed": 2, "nb_epochs": 3, "batch_size": 2, "learning_rate": 0.0001, "dropout_rate": 0, "accuracy": 0.741, "training_time": 303.0096204280853, "testing_time": 1.0677034854888916, "model_file": "SL_final_2_0.5_100_Adam_2_0.0001"}
{"algorithm": "SL", "seed": 3, "nb_epochs": 2, "batch_size": 2, "learning_rate": 0.0001, "dropout_rate": 0, "accuracy": 0.739, "training_time": 258.11881017684937, "testing_time": 1.4212305545806885, "model_file": "SL_final_3_0.5_100_Adam_2_0.0001"}
{"algorithm": "SL", "seed": 4, "nb_epochs": 4, "batch_size": 2, "learning_rate": 0.0001, "dropout_rate": 0, "accuracy": 0.745, "training_time": 361.47763752937317, "testing_time": 1.189110517501831, "model_file": "SL_final_4_0.5_100_Adam_2_0.0001"}
{"algorithm": "SL", "seed": 5, "nb_epochs": 4, "batch_size": 2, "learning_rate": 0.0001, "dropout_rate": 0, "accuracy": 0.744, "training_time": 356.81872749328613, "testing_time": 1.0348901748657227, "model_file": "SL_final_5_0.5_100_Adam_2_0.0001"}
{"algorithm": "SL", "seed": 6, "nb_epochs": 2, "batch_size": 2, "learning_rate": 0.0001, "dropout_rate": 0, "accuracy": 0.734, "training_time": 255.65504145622253, "testing_time": 1.1351540088653564, "model_file": "SL_final_6_0.5_100_Adam_2_0.0001"}
{"algorithm": "SL", "seed": 7, "nb_epochs": 2, "batch_size": 2, "learning_rate": 0.0001, "dropout_rate": 0, "accuracy": 0.737, "training_time": 252.28250002861023, "testing_time": 1.115447998046875, "model_file": "SL_final_7_0.5_100_Adam_2_0.0001"}
{"algorithm": "SL", "seed": 8, "nb_epochs": 2, "batch_size": 2, "learning_rate": 0.0001, "dropout_rate": 0, "accuracy": 0.734, "training_time": 366.3902699947357, "testing_time": 0.954972505569458, "model_file": "SL_final_8_0.5_100_Adam_2_0.0001"}
{"algorithm": "SL", "seed": 9, "nb_epochs": 4, "batch_size": 2, "learning_rate": 0.0001, "dropout_rate": 0, "accuracy": 0.74, "training_time": 443.53790163993835, "testing_time": 1.030519962310791, "model_file": "SL_final_9_0.5_100_Adam_2_0.0001"}
