{"algorithm": "LTN", "seed": 0, "nb_epochs": 2, "batch_size": 64, "learning_rate": 0.001, "p_schedule": 1.0, "use_dropout": true, "accuracies": [0.4059999883174896, 0.612333357334137, 0.38733333349227905, 0.7639999985694885, 0.9116666913032532, 0.7723333239555359, 0.9300000071525574, 0.7689999938011169, 0.9296666383743286, 0.9196666479110718], "avg_accuracy": 0.7401999980211258, "model_files_dir": "LTN_kfold_0_2_64_0.001_1.0_True"}
{"algorithm": "LTN", "seed": 0, "nb_epochs": 2, "batch_size": 64, "learning_rate": 0.001, "p_schedule": 1.0, "use_dropout": false, "accuracies": [0.6233333349227905, 0.6113333106040955, 0.46433332562446594, 0.7726666927337646, 0.9110000133514404, 0.7770000100135803, 0.6106666922569275, 0.6083333492279053, 0.9369999766349792, 0.9143333435058594], "avg_accuracy": 0.7230000048875809, "model_files_dir": "LTN_kfold_0_2_64_0.001_1.0_False"}
{"algorithm": "LTN", "seed": 0, "nb_epochs": 1, "batch_size": 16, "learning_rate": 0.001, "p_schedule": 1.0, "use_dropout": false, "accuracies": [0.7203333377838135, 0.721666693687439, 0.7620000243186951, 0.7566666603088379, 0.7306666374206543, 0.7739999890327454, 0.753000020980835, 0.5883333086967468, 0.9206666946411133, 0.9403333067893982], "avg_accuracy": 0.7667666673660278, "model_files_dir": "LTN_kfold_0_1_16_0.001_1.0_False"}
{"algorithm": "LTN", "seed": 0, "nb_epochs": 2, "batch_size": 16, "learning_rate": 0.001, "p_schedule": 1.0, "use_dropout": true, "accuracies": [0.6363333463668823, 0.9023333191871643, 0.7523333430290222, 0.7666666507720947, 0.9283333420753479, 0.7866666913032532, 0.9346666932106018, 0.7649999856948853, 0.9296666383743286, 0.7593333125114441], "avg_accuracy": 0.8161333322525024, "model_files_dir": "LTN_kfold_0_2_16_0.001_1.0_True"}
{"algorithm": "LTN", "seed": 0, "nb_epochs": 3, "batch_size": 16, "learning_rate": 0.001, "p_schedule": 1.0, "use_dropout": true, "accuracies": [0.9523333311080933, 0.7666666507720947, 0.9520000219345093, 0.9456666707992554, 0.9483333230018616, 0.9566666483879089, 0.9446666836738586, 0.9273333549499512, 0.9440000057220459, 0.9336666464805603], "avg_accuracy": 0.9271333336830139, "model_files_dir": "LTN_kfold_0_3_16_0.001_1.0_True"}
{"algorithm": "LTN", "seed": 0, "nb_epochs": 2, "batch_size": 128, "learning_rate": 0.001, "p_schedule": 1.0, "use_dropout": false, "accuracies": [0.6196666955947876, 0.6060000061988831, 0.4493333399295807, 0.7129999995231628, 0.6016666889190674, 0.7636666893959045, 0.7396666407585144, 0.47966668009757996, 0.9110000133514404, 0.9253333210945129], "avg_accuracy": 0.6809000074863434, "model_files_dir": "LTN_kfold_0_2_128_0.001_1.0_False"}
{"algorithm": "LTN", "seed": 0, "nb_epochs": 3, "batch_size": 128, "learning_rate": 0.001, "p_schedule": 1.0, "use_dropout": false, "accuracies": [0.6383333206176758, 0.7593333125114441, 0.4533333480358124, 0.7713333368301392, 0.6600000262260437, 0.777999997138977, 0.7576666474342346, 0.6103333234786987, 0.9253333210945129, 0.9350000023841858], "avg_accuracy": 0.7288666635751724, "model_files_dir": "LTN_kfold_0_3_128_0.001_1.0_False"}
{"algorithm": "LTN", "seed": 0, "nb_epochs": 2, "batch_size": 16, "learning_rate": 0.001, "p_schedule": 1.0, "use_dropout": false, "accuracies": [0.765666663646698, 0.9106666445732117, 0.7680000066757202, 0.9326666593551636, 0.9449999928474426, 0.7853333353996277, 0.9386666417121887, 0.7723333239555359, 0.9359999895095825, 0.9336666464805603], "avg_accuracy": 0.8687999904155731, "model_files_dir": "LTN_kfold_0_2_16_0.001_1.0_False"}
{"algorithm": "LTN", "seed": 0, "nb_epochs": 3, "batch_size": 32, "learning_rate": 0.001, "p_schedule": 1.0, "use_dropout": true, "accuracies": [0.9463333487510681, 0.4886666536331177, 0.3840000033378601, 0.781333327293396, 0.9283333420753479, 0.7873333096504211, 0.9340000152587891, 0.625, 0.9340000152587891, 0.9409999847412109], "avg_accuracy": 0.775, "model_files_dir": "LTN_kfold_0_3_32_0.001_1.0_True"}
{"algorithm": "LTN", "seed": 0, "nb_epochs": 1, "batch_size": 64, "learning_rate": 0.001, "p_schedule": 1.0, "use_dropout": false, "accuracies": [0.47466665506362915, 0.46033334732055664, 0.4503333270549774, 0.7419999837875366, 0.46299999952316284, 0.7253333330154419, 0.6066666841506958, 0.48366665840148926, 0.8863333463668823, 0.7723333239555359], "avg_accuracy": 0.6064666658639908, "model_files_dir": "LTN_kfold_0_1_64_0.001_1.0_False"}
