{"algorithm": "NN", "seed": 0, "nb_epochs": 1, "batch_size": 128, "learning_rate": 0.0001, "dropout_rate": 0, "accuracy": 0.319, "training_time": 0.9737498760223389, "testing_time": 0.5051403045654297, "model_file": "NN_final_0_0_100_Adam_128_0.0001_0"}
{"algorithm": "NN", "seed": 1, "nb_epochs": 4, "batch_size": 128, "learning_rate": 0.0001, "dropout_rate": 0, "accuracy": 0.358, "training_time": 1.5320417881011963, "testing_time": 0.5876810550689697, "model_file": "NN_final_1_0_100_Adam_128_0.0001_0"}
{"algorithm": "NN", "seed": 2, "nb_epochs": 2, "batch_size": 128, "learning_rate": 0.0001, "dropout_rate": 0, "accuracy": 0.35, "training_time": 1.5909407138824463, "testing_time": 0.7103879451751709, "model_file": "NN_final_2_0_100_Adam_128_0.0001_0"}
{"algorithm": "NN", "seed": 3, "nb_epochs": 4, "batch_size": 128, "learning_rate": 0.0001, "dropout_rate": 0, "accuracy": 0.423, "training_time": 1.5792508125305176, "testing_time": 0.5300593376159668, "model_file": "NN_final_3_0_100_Adam_128_0.0001_0"}
{"algorithm": "NN", "seed": 4, "nb_epochs": 2, "batch_size": 128, "learning_rate": 0.0001, "dropout_rate": 0, "accuracy": 0.353, "training_time": 1.1332356929779053, "testing_time": 0.5215029716491699, "model_file": "NN_final_4_0_100_Adam_128_0.0001_0"}
{"algorithm": "NN", "seed": 5, "nb_epochs": 1, "batch_size": 128, "learning_rate": 0.0001, "dropout_rate": 0, "accuracy": 0.319, "training_time": 0.9018151760101318, "testing_time": 0.5415892601013184, "model_file": "NN_final_5_0_100_Adam_128_0.0001_0"}
{"algorithm": "NN", "seed": 6, "nb_epochs": 1, "batch_size": 128, "learning_rate": 0.0001, "dropout_rate": 0, "accuracy": 0.318, "training_time": 1.2036159038543701, "testing_time": 0.6826398372650146, "model_file": "NN_final_6_0_100_Adam_128_0.0001_0"}
{"algorithm": "NN", "seed": 7, "nb_epochs": 4, "batch_size": 128, "learning_rate": 0.0001, "dropout_rate": 0, "accuracy": 0.319, "training_time": 1.843379259109497, "testing_time": 0.5113506317138672, "model_file": "NN_final_7_0_100_Adam_128_0.0001_0"}
{"algorithm": "NN", "seed": 8, "nb_epochs": 1, "batch_size": 128, "learning_rate": 0.0001, "dropout_rate": 0, "accuracy": 0.329, "training_time": 0.8993165493011475, "testing_time": 0.5340547561645508, "model_file": "NN_final_8_0_100_Adam_128_0.0001_0"}
{"algorithm": "NN", "seed": 9, "nb_epochs": 1, "batch_size": 128, "learning_rate": 0.0001, "dropout_rate": 0, "accuracy": 0.319, "training_time": 0.9107434749603271, "testing_time": 0.5277900695800781, "model_file": "NN_final_9_0_100_Adam_128_0.0001_0"}
