{"algorithm": "LTN", "seed": 0, "nb_epochs": 21, "batch_size": 64, "learning_rate": 0.001, "p_forall": 2, "p_exists": 1, "dropout_rate": 0, "size_val": 0.1, "accuracy": 0.9729999899864197, "training_time": 1675.7699964046478, "testing_time": 20.473899364471436, "model_file": "label_noise_0.25/LTN_final_0_100_64_0.001_2_1_0_0.1"}
{"algorithm": "LTN", "seed": 1, "nb_epochs": 15, "batch_size": 64, "learning_rate": 0.001, "p_forall": 2, "p_exists": 1, "dropout_rate": 0, "size_val": 0.1, "accuracy": 0.9563999772071838, "training_time": 1014.9453504085541, "testing_time": 15.442836284637451, "model_file": "label_noise_0.25/LTN_final_1_100_64_0.001_2_1_0_0.1"}
{"algorithm": "LTN", "seed": 2, "nb_epochs": 21, "batch_size": 64, "learning_rate": 0.001, "p_forall": 2, "p_exists": 1, "dropout_rate": 0, "size_val": 0.1, "accuracy": 0.9702000021934509, "training_time": 1376.6112101078033, "testing_time": 20.47759437561035, "model_file": "label_noise_0.25/LTN_final_2_100_64_0.001_2_1_0_0.1"}
{"algorithm": "LTN", "seed": 3, "nb_epochs": 11, "batch_size": 64, "learning_rate": 0.001, "p_forall": 2, "p_exists": 1, "dropout_rate": 0, "size_val": 0.1, "accuracy": 0.9684000015258789, "training_time": 780.4075729846954, "testing_time": 16.316089153289795, "model_file": "label_noise_0.25/LTN_final_3_100_64_0.001_2_1_0_0.1"}
{"algorithm": "LTN", "seed": 4, "nb_epochs": 7, "batch_size": 64, "learning_rate": 0.001, "p_forall": 2, "p_exists": 1, "dropout_rate": 0, "size_val": 0.1, "accuracy": 0.9509999752044678, "training_time": 548.2653777599335, "testing_time": 20.4756019115448, "model_file": "label_noise_0.25/LTN_final_4_100_64_0.001_2_1_0_0.1"}
{"algorithm": "LTN", "seed": 5, "nb_epochs": 12, "batch_size": 64, "learning_rate": 0.001, "p_forall": 2, "p_exists": 1, "dropout_rate": 0, "size_val": 0.1, "accuracy": 0.43140000104904175, "training_time": 865.4249014854431, "testing_time": 20.472514390945435, "model_file": "label_noise_0.25/LTN_final_5_100_64_0.001_2_1_0_0.1"}
{"algorithm": "LTN", "seed": 6, "nb_epochs": 20, "batch_size": 64, "learning_rate": 0.001, "p_forall": 2, "p_exists": 1, "dropout_rate": 0, "size_val": 0.1, "accuracy": 0.9735999703407288, "training_time": 1301.932192325592, "testing_time": 20.474424362182617, "model_file": "label_noise_0.25/LTN_final_6_100_64_0.001_2_1_0_0.1"}
{"algorithm": "LTN", "seed": 7, "nb_epochs": 25, "batch_size": 64, "learning_rate": 0.001, "p_forall": 2, "p_exists": 1, "dropout_rate": 0, "size_val": 0.1, "accuracy": 0.6376000046730042, "training_time": 1560.2284016609192, "testing_time": 17.388322830200195, "model_file": "label_noise_0.25/LTN_final_7_100_64_0.001_2_1_0_0.1"}
{"algorithm": "LTN", "seed": 8, "nb_epochs": 11, "batch_size": 64, "learning_rate": 0.001, "p_forall": 2, "p_exists": 1, "dropout_rate": 0, "size_val": 0.1, "accuracy": 0.795799970626831, "training_time": 801.1519935131073, "testing_time": 14.555808067321777, "model_file": "label_noise_0.25/LTN_final_8_100_64_0.001_2_1_0_0.1"}
{"algorithm": "LTN", "seed": 9, "nb_epochs": 13, "batch_size": 64, "learning_rate": 0.001, "p_forall": 2, "p_exists": 1, "dropout_rate": 0, "size_val": 0.1, "accuracy": 0.7936000227928162, "training_time": 898.6357922554016, "testing_time": 14.885627508163452, "model_file": "label_noise_0.25/LTN_final_9_100_64_0.001_2_1_0_0.1"}
