{"algorithm": "LTN", "seed": 0, "nb_epochs": 21, "batch_size": 64, "learning_rate": 0.001, "p_schedule": 1.0, "use_dropout": false, "size_val": 0.1, "accuracy": 0.9729999899864197, "training_time": 1334.0949211120605, "testing_time": 20.47255277633667, "model_file": "label_noise_0.25/LTN_final_0_100_64_0.001_1.0_False_0.1"}
{"algorithm": "LTN", "seed": 1, "nb_epochs": 15, "batch_size": 64, "learning_rate": 0.001, "p_schedule": 1.0, "use_dropout": false, "size_val": 0.1, "accuracy": 0.9563999772071838, "training_time": 984.5829367637634, "testing_time": 20.47261619567871, "model_file": "label_noise_0.25/LTN_final_1_100_64_0.001_1.0_False_0.1"}
{"algorithm": "LTN", "seed": 2, "nb_epochs": 21, "batch_size": 64, "learning_rate": 0.001, "p_schedule": 1.0, "use_dropout": false, "size_val": 0.1, "accuracy": 0.9702000021934509, "training_time": 1326.73805809021, "testing_time": 20.47285270690918, "model_file": "label_noise_0.25/LTN_final_2_100_64_0.001_1.0_False_0.1"}
{"algorithm": "LTN", "seed": 3, "nb_epochs": 11, "batch_size": 64, "learning_rate": 0.001, "p_schedule": 1.0, "use_dropout": false, "size_val": 0.1, "accuracy": 0.9684000015258789, "training_time": 721.6058297157288, "testing_time": 14.02339792251587, "model_file": "label_noise_0.25/LTN_final_3_100_64_0.001_1.0_False_0.1"}
{"algorithm": "LTN", "seed": 4, "nb_epochs": 7, "batch_size": 64, "learning_rate": 0.001, "p_schedule": 1.0, "use_dropout": false, "size_val": 0.1, "accuracy": 0.9509999752044678, "training_time": 538.5368161201477, "testing_time": 20.48454189300537, "model_file": "label_noise_0.25/LTN_final_4_100_64_0.001_1.0_False_0.1"}
{"algorithm": "LTN", "seed": 5, "nb_epochs": 12, "batch_size": 64, "learning_rate": 0.001, "p_schedule": 1.0, "use_dropout": false, "size_val": 0.1, "accuracy": 0.43140000104904175, "training_time": 839.9496364593506, "testing_time": 20.472981691360474, "model_file": "label_noise_0.25/LTN_final_5_100_64_0.001_1.0_False_0.1"}
{"algorithm": "LTN", "seed": 6, "nb_epochs": 20, "batch_size": 64, "learning_rate": 0.001, "p_schedule": 1.0, "use_dropout": false, "size_val": 0.1, "accuracy": 0.9735999703407288, "training_time": 1251.9538786411285, "testing_time": 20.473125219345093, "model_file": "label_noise_0.25/LTN_final_6_100_64_0.001_1.0_False_0.1"}
{"algorithm": "LTN", "seed": 7, "nb_epochs": 25, "batch_size": 64, "learning_rate": 0.001, "p_schedule": 1.0, "use_dropout": false, "size_val": 0.1, "accuracy": 0.6376000046730042, "training_time": 1498.7681770324707, "testing_time": 14.453113555908203, "model_file": "label_noise_0.25/LTN_final_7_100_64_0.001_1.0_False_0.1"}
{"algorithm": "LTN", "seed": 8, "nb_epochs": 11, "batch_size": 64, "learning_rate": 0.001, "p_schedule": 1.0, "use_dropout": false, "size_val": 0.1, "accuracy": 0.795799970626831, "training_time": 803.2454586029053, "testing_time": 13.13710641860962, "model_file": "label_noise_0.25/LTN_final_8_100_64_0.001_1.0_False_0.1"}
{"algorithm": "LTN", "seed": 9, "nb_epochs": 13, "batch_size": 64, "learning_rate": 0.001, "p_schedule": 1.0, "use_dropout": false, "size_val": 0.1, "accuracy": 0.7936000227928162, "training_time": 865.4416327476501, "testing_time": 15.121657848358154, "model_file": "label_noise_0.25/LTN_final_9_100_64_0.001_1.0_False_0.1"}
