{"algorithm": "LTN", "seed": 0, "nb_epochs": 3, "batch_size": 16, "learning_rate": 0.001, "p_schedule": 1.0, "use_dropout": false, "size_val": 0.1, "accuracy": 0.9589999914169312, "training_time": 1452.9293847084045, "testing_time": 81.93401741981506, "model_file": "final/label_noise_0.25/LTN_final_0_3_16_0.001_1.0_False_0.1"}
{"algorithm": "LTN", "seed": 1, "nb_epochs": 3, "batch_size": 16, "learning_rate": 0.001, "p_schedule": 1.0, "use_dropout": false, "size_val": 0.1, "accuracy": 0.7788000106811523, "training_time": 1372.4976434707642, "testing_time": 92.01242637634277, "model_file": "final/label_noise_0.25/LTN_final_1_3_16_0.001_1.0_False_0.1"}
{"algorithm": "LTN", "seed": 2, "nb_epochs": 3, "batch_size": 16, "learning_rate": 0.001, "p_schedule": 1.0, "use_dropout": false, "size_val": 0.1, "accuracy": 0.6111999750137329, "training_time": 1342.3972647190094, "testing_time": 20.476409196853638, "model_file": "final/label_noise_0.25/LTN_final_2_3_16_0.001_1.0_False_0.1"}
{"algorithm": "LTN", "seed": 3, "nb_epochs": 3, "batch_size": 16, "learning_rate": 0.001, "p_schedule": 1.0, "use_dropout": false, "size_val": 0.1, "accuracy": 0.7942000031471252, "training_time": 935.1042885780334, "testing_time": 20.472453832626343, "model_file": "final/label_noise_0.25/LTN_final_3_3_16_0.001_1.0_False_0.1"}
{"algorithm": "LTN", "seed": 4, "nb_epochs": 3, "batch_size": 16, "learning_rate": 0.001, "p_schedule": 1.0, "use_dropout": false, "size_val": 0.1, "accuracy": 0.03139999881386757, "training_time": 473.2734715938568, "testing_time": 20.471861124038696, "model_file": "final/label_noise_0.25/LTN_final_4_3_16_0.001_1.0_False_0.1"}
{"algorithm": "LTN", "seed": 5, "nb_epochs": 3, "batch_size": 16, "learning_rate": 0.001, "p_schedule": 1.0, "use_dropout": false, "size_val": 0.1, "accuracy": 0.9506000280380249, "training_time": 697.1018977165222, "testing_time": 20.472042560577393, "model_file": "final/label_noise_0.25/LTN_final_5_3_16_0.001_1.0_False_0.1"}
{"algorithm": "LTN", "seed": 6, "nb_epochs": 3, "batch_size": 16, "learning_rate": 0.001, "p_schedule": 1.0, "use_dropout": false, "size_val": 0.1, "accuracy": 0.9607999920845032, "training_time": 738.9051284790039, "testing_time": 20.47376251220703, "model_file": "final/label_noise_0.25/LTN_final_6_3_16_0.001_1.0_False_0.1"}
