{"algorithm": "NeurASP", "seed": 0, "nb_epochs": 3, "batch_size": 16, "learning_rate": 0.001, "use_dropout": false, "accuracies": [0.9666666666666667, 0.9670000000000001, 0.9663333333333334, 0.9586666666666666, 0.968, 0.9693333333333334, 0.9736666666666666, 0.9706666666666667, 0.9676666666666667, 0.9693333333333334], "avg_accuracy": 0.9677333333333333, "model_files_dir": "NeurASP_param_0_3_16_0.001_False"}
{"algorithm": "NeurASP", "seed": 0, "nb_epochs": 2, "batch_size": 4, "learning_rate": 0.001, "use_dropout": true, "accuracies": [0.9683333333333333, 0.9590000000000001, 0.9690000000000001, 0.9670000000000001, 0.966, 0.9716666666666667, 0.973, 0.9590000000000001, 0.9670000000000001, 0.968], "avg_accuracy": 0.9668000000000001, "model_files_dir": "NeurASP_param_0_2_4_0.001_True"}
{"algorithm": "NeurASP", "seed": 0, "nb_epochs": 3, "batch_size": 8, "learning_rate": 0.001, "use_dropout": true, "accuracies": [0.9656666666666667, 0.9670000000000001, 0.9703333333333333, 0.9666666666666667, 0.9646666666666667, 0.9790000000000001, 0.9743333333333334, 0.975, 0.9670000000000001, 0.9623333333333334], "avg_accuracy": 0.9692000000000001, "model_files_dir": "NeurASP_param_0_3_8_0.001_True"}
{"algorithm": "NeurASP", "seed": 0, "nb_epochs": 2, "batch_size": 4, "learning_rate": 0.001, "use_dropout": false, "accuracies": [0.9620000000000001, 0.9590000000000001, 0.9646666666666667, 0.9603333333333333, 0.9670000000000001, 0.9683333333333333, 0.9673333333333334, 0.971, 0.9623333333333334, 0.9633333333333333], "avg_accuracy": 0.9645333333333334, "model_files_dir": "NeurASP_param_0_2_4_0.001_False"}
{"algorithm": "NeurASP", "seed": 0, "nb_epochs": 1, "batch_size": 2, "learning_rate": 0.001, "use_dropout": false, "accuracies": [0.9570000000000001, 0.9583333333333333, 0.9466666666666668, 0.9556666666666667, 0.9376666666666666, 0.9493333333333334, 0.9279999999999999, 0.9616666666666667, 0.95, 0.9123333333333333], "avg_accuracy": 0.9456666666666667, "model_files_dir": "NeurASP_param_0_1_2_0.001_False"}
{"algorithm": "NeurASP", "seed": 0, "nb_epochs": 1, "batch_size": 32, "learning_rate": 0.001, "use_dropout": true, "accuracies": [0.9453333333333334, 0.9393333333333334, 0.9453333333333334, 0.9363333333333334, 0.9520000000000001, 0.9540000000000001, 0.9440000000000001, 0.9433333333333332, 0.938, 0.95], "avg_accuracy": 0.9447666666666666, "model_files_dir": "NeurASP_param_0_1_32_0.001_True"}
