{"algorithm": "DeepStochLog", "seed": 0, "nb_epochs": 3, "batch_size": 2, "learning_rate": 0.001, "use_dropout": true, "accuracies": [0.9723333333333334, 0.9753333333333333, 0.978, 0.978, 0.975, 0.973, 0.9843333333333334, 0.981, 0.98, 0.9823333333333334], "avg_accuracy": 0.9779333333333332, "model_files_dir": "NeurASP_param_0_3_2_0.001_True"}
{"algorithm": "DeepStochLog", "seed": 0, "nb_epochs": 3, "batch_size": 2, "learning_rate": 0.001, "use_dropout": false, "accuracies": [0.9666666666666667, 0.9653333333333333, 0.9733333333333333, 0.9796666666666667, 0.9866666666666667, 0.9763333333333334, 0.99, 0.9883333333333333, 0.9846666666666667, 0.985], "avg_accuracy": 0.9795999999999999, "model_files_dir": "NeurASP_param_0_3_2_0.001_False"}
{"algorithm": "DeepStochLog", "seed": 0, "nb_epochs": 1, "batch_size": 2, "learning_rate": 0.001, "use_dropout": false, "accuracies": [0.9570000000000001, 0.966, 0.972, 0.9553333333333334, 0.975, 0.9823333333333334, 0.975, 0.9763333333333334, 0.9823333333333334, 0.981], "avg_accuracy": 0.9722333333333333, "model_files_dir": "NeurASP_param_0_1_2_0.001_False"}
{"algorithm": "DeepStochLog", "seed": 0, "nb_epochs": 1, "batch_size": 8, "learning_rate": 0.001, "use_dropout": true, "accuracies": [0.9536666666666666, 0.9596666666666667, 0.9716666666666667, 0.9713333333333334, 0.9773333333333334, 0.9823333333333334, 0.9866666666666667, 0.987, 0.9853333333333333, 0.9813333333333334], "avg_accuracy": 0.9756333333333334, "model_files_dir": "NeurASP_param_0_1_8_0.001_True"}
{"algorithm": "DeepStochLog", "seed": 0, "nb_epochs": 2, "batch_size": 4, "learning_rate": 0.001, "use_dropout": true, "accuracies": [0.9683333333333333, 0.966, 0.9796666666666667, 0.9793333333333334, 0.986, 0.9853333333333333, 0.9846666666666667, 0.986, 0.9873333333333334, 0.986], "avg_accuracy": 0.9808666666666668, "model_files_dir": "NeurASP_param_0_2_4_0.001_True"}
