{"algorithm": "NeurASP", "seed": 0, "nb_epochs": 3, "batch_size": 16, "learning_rate": 0.001, "use_dropout": false, "accuracies": [0.9666666666666667, 0.9670000000000001, 0.9663333333333334, 0.9586666666666666, 0.968, 0.9693333333333334, 0.9736666666666666, 0.9706666666666667, 0.9676666666666667, 0.9693333333333334], "avg_accuracy": 0.9677333333333333, "model_files_dir": "NeurASP_param_0_3_16_0.001_False"}
{"algorithm": "NeurASP", "seed": 0, "nb_epochs": 2, "batch_size": 4, "learning_rate": 0.001, "use_dropout": true, "accuracies": [0.9683333333333333, 0.9590000000000001, 0.9690000000000001, 0.9670000000000001, 0.966, 0.9716666666666667, 0.973, 0.9590000000000001, 0.9670000000000001, 0.968], "avg_accuracy": 0.9668000000000001, "model_files_dir": "NeurASP_param_0_2_4_0.001_True"}
